group,dataset,mde,iters,solver,pose_mAA_10,f_mAA_10,mean_mde_runtime
vegetation,dresden_1,DepthAnythingV3Calib-DA3-GIANT-1.1,0,regressed_pose,87.13,0.0,180.47
vegetation,dresden_1,DepthAnythingV3Calib-DA3-LARGE-1.1,0,regressed_pose,81.97,0.0,261.0
vegetation,dresden_1,MapAnythingCalib-map-anything,0,regressed_pose,83.66,86.14,413.09
vegetation,dresden_1,Pi3Calib-Pi3X,0,regressed_pose,91.74,97.56,181.95
vegetation,dresden_1,VGGT-VGGT-1B,0,regressed_pose,76.52,17.6,162.75
vegetation,klamovka_sign1,DepthAnythingV3Calib-DA3-GIANT-1.1,0,regressed_pose,88.37,0.0,175.09
vegetation,klamovka_sign1,DepthAnythingV3Calib-DA3-LARGE-1.1,0,regressed_pose,72.52,0.0,96.11
vegetation,klamovka_sign1,MapAnythingCalib-map-anything,0,regressed_pose,89.12,96.84,395.78
vegetation,klamovka_sign1,Pi3Calib-Pi3X,0,regressed_pose,94.98,98.47,165.9
vegetation,klamovka_sign1,VGGT-VGGT-1B,0,regressed_pose,86.0,42.54,139.13
vegetation,kyoto_nakagawahigashiyama_tree,DepthAnythingV3Calib-DA3-GIANT-1.1,0,regressed_pose,62.71,0.0,123.19
vegetation,kyoto_nakagawahigashiyama_tree,DepthAnythingV3Calib-DA3-LARGE-1.1,0,regressed_pose,62.52,0.0,134.49
vegetation,kyoto_nakagawahigashiyama_tree,MapAnythingCalib-map-anything,0,regressed_pose,61.42,82.2,352.31
vegetation,kyoto_nakagawahigashiyama_tree,Pi3Calib-Pi3X,0,regressed_pose,77.48,96.58,162.98
vegetation,kyoto_nakagawahigashiyama_tree,VGGT-VGGT-1B,0,regressed_pose,65.64,34.14,135.2
vegetation,nadina_domestica,DepthAnythingV3Calib-DA3-GIANT-1.1,0,regressed_pose,78.82,0.0,175.06
vegetation,nadina_domestica,DepthAnythingV3Calib-DA3-LARGE-1.1,0,regressed_pose,75.44,0.0,138.36
vegetation,nadina_domestica,MapAnythingCalib-map-anything,0,regressed_pose,61.87,50.83,350.99
vegetation,nadina_domestica,Pi3Calib-Pi3X,0,regressed_pose,83.69,96.96,161.09
vegetation,nadina_domestica,VGGT-VGGT-1B,0,regressed_pose,72.18,48.41,134.67
vegetation,overgrown_statue_couple,DepthAnythingV3Calib-DA3-GIANT-1.1,0,regressed_pose,70.29,0.0,177.12
vegetation,overgrown_statue_couple,DepthAnythingV3Calib-DA3-LARGE-1.1,0,regressed_pose,74.22,0.0,95.17
vegetation,overgrown_statue_couple,MapAnythingCalib-map-anything,0,regressed_pose,75.4,92.49,351.77
vegetation,overgrown_statue_couple,Pi3Calib-Pi3X,0,regressed_pose,87.41,95.09,167.38
vegetation,overgrown_statue_couple,VGGT-VGGT-1B,0,regressed_pose,78.5,60.72,132.19
vegetation,overgrown_statue_pot,DepthAnythingV3Calib-DA3-GIANT-1.1,0,regressed_pose,88.44,0.0,175.45
vegetation,overgrown_statue_pot,DepthAnythingV3Calib-DA3-LARGE-1.1,0,regressed_pose,90.3,0.0,94.66
vegetation,overgrown_statue_pot,MapAnythingCalib-map-anything,0,regressed_pose,88.69,82.25,359.16
vegetation,overgrown_statue_pot,Pi3Calib-Pi3X,0,regressed_pose,91.25,89.65,162.22
vegetation,overgrown_statue_pot,VGGT-VGGT-1B,0,regressed_pose,88.27,77.67,134.02
vegetation,stromovka_2,DepthAnythingV3Calib-DA3-GIANT-1.1,0,regressed_pose,76.29,0.0,175.39
vegetation,stromovka_2,DepthAnythingV3Calib-DA3-LARGE-1.1,0,regressed_pose,76.19,0.0,94.48
vegetation,stromovka_2,MapAnythingCalib-map-anything,0,regressed_pose,70.16,87.6,357.01
vegetation,stromovka_2,Pi3Calib-Pi3X,0,regressed_pose,85.66,94.5,165.3
vegetation,stromovka_2,VGGT-VGGT-1B,0,regressed_pose,74.79,50.14,135.14
vegetation,stromovka_2b,DepthAnythingV3Calib-DA3-GIANT-1.1,0,regressed_pose,76.2,0.0,177.6
vegetation,stromovka_2b,DepthAnythingV3Calib-DA3-LARGE-1.1,0,regressed_pose,75.87,0.0,136.44
vegetation,stromovka_2b,MapAnythingCalib-map-anything,0,regressed_pose,72.98,89.49,354.09
vegetation,stromovka_2b,Pi3Calib-Pi3X,0,regressed_pose,86.93,96.3,164.1
vegetation,stromovka_2b,VGGT-VGGT-1B,0,regressed_pose,75.26,55.12,131.53
vegetation,stromovka_3,DepthAnythingV3Calib-DA3-GIANT-1.1,0,regressed_pose,69.13,0.0,125.13
vegetation,stromovka_3,DepthAnythingV3Calib-DA3-LARGE-1.1,0,regressed_pose,65.37,0.0,135.07
vegetation,stromovka_3,MapAnythingCalib-map-anything,0,regressed_pose,80.22,88.21,357.14
vegetation,stromovka_3,Pi3Calib-Pi3X,0,regressed_pose,88.76,95.46,165.87
vegetation,stromovka_3,VGGT-VGGT-1B,0,regressed_pose,75.72,40.17,137.33
vegetation,stromovka_5,DepthAnythingV3Calib-DA3-GIANT-1.1,0,regressed_pose,60.15,0.0,124.88
vegetation,stromovka_5,DepthAnythingV3Calib-DA3-LARGE-1.1,0,regressed_pose,66.61,0.0,93.7
vegetation,stromovka_5,MapAnythingCalib-map-anything,0,regressed_pose,68.8,95.81,376.85
vegetation,stromovka_5,Pi3Calib-Pi3X,0,regressed_pose,84.01,96.94,162.12
vegetation,stromovka_5,VGGT-VGGT-1B,0,regressed_pose,67.74,28.62,134.01
vegetation,stromovka_7,DepthAnythingV3Calib-DA3-GIANT-1.1,0,regressed_pose,64.67,0.0,177.56
vegetation,stromovka_7,DepthAnythingV3Calib-DA3-LARGE-1.1,0,regressed_pose,60.32,0.0,138.34
vegetation,stromovka_7,MapAnythingCalib-map-anything,0,regressed_pose,60.45,86.85,371.05
vegetation,stromovka_7,Pi3Calib-Pi3X,0,regressed_pose,77.82,96.11,165.36
vegetation,stromovka_7,VGGT-VGGT-1B,0,regressed_pose,66.13,11.44,132.05
vegetation,tree_orbit_normal1,DepthAnythingV3Calib-DA3-GIANT-1.1,0,regressed_pose,78.99,0.0,178.36
vegetation,tree_orbit_normal1,DepthAnythingV3Calib-DA3-LARGE-1.1,0,regressed_pose,79.15,0.0,135.27
vegetation,tree_orbit_normal1,MapAnythingCalib-map-anything,0,regressed_pose,75.74,95.68,354.08
vegetation,tree_orbit_normal1,Pi3Calib-Pi3X,0,regressed_pose,87.76,93.39,164.52
vegetation,tree_orbit_normal1,VGGT-VGGT-1B,0,regressed_pose,80.38,44.9,133.78
statues,babies_cerny,DepthAnythingV3Calib-DA3-GIANT-1.1,0,regressed_pose,86.38,0.0,124.48
statues,babies_cerny,DepthAnythingV3Calib-DA3-LARGE-1.1,0,regressed_pose,84.72,0.0,92.69
statues,babies_cerny,MapAnythingCalib-map-anything,0,regressed_pose,76.24,90.27,355.82
statues,babies_cerny,Pi3Calib-Pi3X,0,regressed_pose,93.04,97.85,162.81
statues,babies_cerny,VGGT-VGGT-1B,0,regressed_pose,89.81,70.42,134.07
statues,franz_kafka,DepthAnythingV3Calib-DA3-GIANT-1.1,0,regressed_pose,79.96,0.0,174.11
statues,franz_kafka,DepthAnythingV3Calib-DA3-LARGE-1.1,0,regressed_pose,82.19,0.0,94.72
statues,franz_kafka,MapAnythingCalib-map-anything,0,regressed_pose,75.66,66.12,355.45
statues,franz_kafka,Pi3Calib-Pi3X,0,regressed_pose,88.55,97.31,164.25
statues,franz_kafka,VGGT-VGGT-1B,0,regressed_pose,79.74,60.95,132.1
statues,giant_chair_vltava,DepthAnythingV3Calib-DA3-GIANT-1.1,0,regressed_pose,71.25,0.0,185.97
statues,giant_chair_vltava,DepthAnythingV3Calib-DA3-LARGE-1.1,0,regressed_pose,75.0,0.0,136.07
statues,giant_chair_vltava,MapAnythingCalib-map-anything,0,regressed_pose,71.02,92.07,341.68
statues,giant_chair_vltava,Pi3Calib-Pi3X,0,regressed_pose,84.64,96.67,164.01
statues,giant_chair_vltava,VGGT-VGGT-1B,0,regressed_pose,74.69,63.74,135.44
statues,hanging_girl,DepthAnythingV3Calib-DA3-GIANT-1.1,0,regressed_pose,63.45,0.0,123.73
statues,hanging_girl,DepthAnythingV3Calib-DA3-LARGE-1.1,0,regressed_pose,59.18,0.0,135.72
statues,hanging_girl,MapAnythingCalib-map-anything,0,regressed_pose,52.41,89.51,340.49
statues,hanging_girl,Pi3Calib-Pi3X,0,regressed_pose,63.7,97.76,161.95
statues,hanging_girl,VGGT-VGGT-1B,0,regressed_pose,62.8,32.05,135.26
statues,kyoto_nakagawahigashiyama_statue,DepthAnythingV3Calib-DA3-GIANT-1.1,0,regressed_pose,79.19,0.0,176.7
statues,kyoto_nakagawahigashiyama_statue,DepthAnythingV3Calib-DA3-LARGE-1.1,0,regressed_pose,82.96,0.0,94.51
statues,kyoto_nakagawahigashiyama_statue,MapAnythingCalib-map-anything,0,regressed_pose,69.61,91.71,345.75
statues,kyoto_nakagawahigashiyama_statue,Pi3Calib-Pi3X,0,regressed_pose,91.27,97.92,165.24
statues,kyoto_nakagawahigashiyama_statue,VGGT-VGGT-1B,0,regressed_pose,78.87,71.25,131.96
statues,memorial_victims_of_communism,DepthAnythingV3Calib-DA3-GIANT-1.1,0,regressed_pose,72.94,0.0,177.45
statues,memorial_victims_of_communism,DepthAnythingV3Calib-DA3-LARGE-1.1,0,regressed_pose,68.43,0.0,134.86
statues,memorial_victims_of_communism,MapAnythingCalib-map-anything,0,regressed_pose,73.41,85.34,372.75
statues,memorial_victims_of_communism,Pi3Calib-Pi3X,0,regressed_pose,71.67,97.73,164.85
statues,memorial_victims_of_communism,VGGT-VGGT-1B,0,regressed_pose,59.18,63.39,135.2
statues,niemand_statue,DepthAnythingV3Calib-DA3-GIANT-1.1,0,regressed_pose,84.31,0.0,124.52
statues,niemand_statue,DepthAnythingV3Calib-DA3-LARGE-1.1,0,regressed_pose,82.66,0.0,136.19
statues,niemand_statue,MapAnythingCalib-map-anything,0,regressed_pose,75.73,94.77,365.4
statues,niemand_statue,Pi3Calib-Pi3X,0,regressed_pose,92.63,97.99,161.34
statues,niemand_statue,VGGT-VGGT-1B,0,regressed_pose,77.77,44.1,138.27
statues,prague_castle_statue,DepthAnythingV3Calib-DA3-GIANT-1.1,0,regressed_pose,84.98,0.0,112.71
statues,prague_castle_statue,DepthAnythingV3Calib-DA3-LARGE-1.1,0,regressed_pose,81.4,0.0,77.61
statues,prague_castle_statue,MapAnythingCalib-map-anything,0,regressed_pose,70.11,93.22,328.58
statues,prague_castle_statue,Pi3Calib-Pi3X,0,regressed_pose,86.82,97.58,165.56
statues,prague_castle_statue,VGGT-VGGT-1B,0,regressed_pose,60.8,4.59,133.1
statues,r2d2_folimanka,DepthAnythingV3Calib-DA3-GIANT-1.1,0,regressed_pose,57.82,0.0,174.98
statues,r2d2_folimanka,DepthAnythingV3Calib-DA3-LARGE-1.1,0,regressed_pose,68.52,0.0,95.58
statues,r2d2_folimanka,MapAnythingCalib-map-anything,0,regressed_pose,74.2,86.15,359.3
statues,r2d2_folimanka,Pi3Calib-Pi3X,0,regressed_pose,88.0,96.59,163.34
statues,r2d2_folimanka,VGGT-VGGT-1B,0,regressed_pose,78.39,39.78,136.07
statues,spejbl_hurvinek,DepthAnythingV3Calib-DA3-GIANT-1.1,0,regressed_pose,87.22,0.0,176.99
statues,spejbl_hurvinek,DepthAnythingV3Calib-DA3-LARGE-1.1,0,regressed_pose,87.27,0.0,134.85
statues,spejbl_hurvinek,MapAnythingCalib-map-anything,0,regressed_pose,85.04,93.65,363.19
statues,spejbl_hurvinek,Pi3Calib-Pi3X,0,regressed_pose,92.72,97.49,161.11
statues,spejbl_hurvinek,VGGT-VGGT-1B,0,regressed_pose,86.97,77.03,138.92
statues,yvr_huge_chair,DepthAnythingV3Calib-DA3-GIANT-1.1,0,regressed_pose,90.01,0.0,126.13
statues,yvr_huge_chair,DepthAnythingV3Calib-DA3-LARGE-1.1,0,regressed_pose,88.9,0.0,138.42
statues,yvr_huge_chair,MapAnythingCalib-map-anything,0,regressed_pose,81.05,94.48,343.67
statues,yvr_huge_chair,Pi3Calib-Pi3X,0,regressed_pose,92.39,97.49,162.93
statues,yvr_huge_chair,VGGT-VGGT-1B,0,regressed_pose,86.93,65.83,131.62
statues,zlata_kasna_chrt,DepthAnythingV3Calib-DA3-GIANT-1.1,0,regressed_pose,87.03,0.0,124.0
statues,zlata_kasna_chrt,DepthAnythingV3Calib-DA3-LARGE-1.1,0,regressed_pose,86.93,0.0,94.51
statues,zlata_kasna_chrt,MapAnythingCalib-map-anything,0,regressed_pose,84.94,90.89,341.55
statues,zlata_kasna_chrt,Pi3Calib-Pi3X,0,regressed_pose,93.53,98.54,163.42
statues,zlata_kasna_chrt,VGGT-VGGT-1B,0,regressed_pose,80.7,75.42,136.99
