dataset,mde,seed,solver,pose_mAA_10,mean_inliers
standard_benchmark,DepthAnythingV2-vitb,0,calib,56.48,69.91
standard_benchmark,DepthAnythingV2-vitb,1,calib,56.52,69.89
standard_benchmark,DepthAnythingV2-vitb,2,calib,56.32,69.87
standard_benchmark,DepthAnythingV2-vitb,3,calib,56.38,69.88
standard_benchmark,DepthAnythingV2-vitb,4,calib,56.54,69.88
standard_benchmark,DepthAnythingV2-vitb,5,calib,56.52,69.88
standard_benchmark,DepthAnythingV2-vitb,6,calib,56.43,69.92
standard_benchmark,DepthAnythingV2-vitb,7,calib,56.48,69.86
standard_benchmark,DepthAnythingV2-vitb,8,calib,56.56,69.92
standard_benchmark,DepthAnythingV2-vitb,9,calib,56.4,69.86
standard_benchmark,DepthAnythingV2-vitb,10,calib,56.26,69.85
standard_benchmark,DepthAnythingV2-vitb,11,calib,56.53,69.88
standard_benchmark,DepthAnythingV2-vitb,12,calib,56.51,69.92
standard_benchmark,DepthAnythingV2-vitb,13,calib,56.56,69.88
standard_benchmark,DepthAnythingV2-vitb,14,calib,56.46,69.88
standard_benchmark,DepthAnythingV2-vitb,15,calib,56.56,69.93
standard_benchmark,DepthAnythingV2-vitb,16,calib,56.42,69.89
standard_benchmark,DepthAnythingV2-vitb,17,calib,56.44,69.89
standard_benchmark,DepthAnythingV2-vitb,18,calib,56.44,69.89
standard_benchmark,DepthAnythingV2-vitb,19,calib,56.48,69.89
standard_benchmark,DepthAnythingV2-vitl,0,calib,37.87,44.4
standard_benchmark,DepthAnythingV2-vitl,1,calib,37.93,44.52
standard_benchmark,DepthAnythingV2-vitl,2,calib,37.94,44.46
standard_benchmark,DepthAnythingV2-vitl,3,calib,38.03,44.47
standard_benchmark,DepthAnythingV2-vitl,4,calib,38.04,44.48
standard_benchmark,DepthAnythingV2-vitl,5,calib,37.93,44.47
standard_benchmark,DepthAnythingV2-vitl,6,calib,38.11,44.48
standard_benchmark,DepthAnythingV2-vitl,7,calib,37.92,44.42
standard_benchmark,DepthAnythingV2-vitl,8,calib,37.9,44.48
standard_benchmark,DepthAnythingV2-vitl,9,calib,37.94,44.39
standard_benchmark,DepthAnythingV2-vitl,10,calib,37.94,44.47
standard_benchmark,DepthAnythingV2-vitl,11,calib,38.08,44.52
standard_benchmark,DepthAnythingV2-vitl,12,calib,37.99,44.48
standard_benchmark,DepthAnythingV2-vitl,13,calib,37.96,44.42
standard_benchmark,DepthAnythingV2-vitl,14,calib,37.92,44.41
standard_benchmark,DepthAnythingV2-vitl,15,calib,37.8,44.44
standard_benchmark,DepthAnythingV2-vitl,16,calib,38.01,44.4
standard_benchmark,DepthAnythingV2-vitl,17,calib,37.78,44.5
standard_benchmark,DepthAnythingV2-vitl,18,calib,37.92,44.42
standard_benchmark,DepthAnythingV2-vitl,19,calib,37.87,44.44
standard_benchmark,DepthAnythingV2-vits,0,calib,57.11,70.2
standard_benchmark,DepthAnythingV2-vits,1,calib,56.84,70.18
standard_benchmark,DepthAnythingV2-vits,2,calib,56.99,70.14
standard_benchmark,DepthAnythingV2-vits,3,calib,57.04,70.18
standard_benchmark,DepthAnythingV2-vits,4,calib,56.96,70.16
standard_benchmark,DepthAnythingV2-vits,5,calib,56.97,70.12
standard_benchmark,DepthAnythingV2-vits,6,calib,57.01,70.17
standard_benchmark,DepthAnythingV2-vits,7,calib,57.0,70.15
standard_benchmark,DepthAnythingV2-vits,8,calib,57.06,70.18
standard_benchmark,DepthAnythingV2-vits,9,calib,56.86,70.18
standard_benchmark,DepthAnythingV2-vits,10,calib,56.94,70.14
standard_benchmark,DepthAnythingV2-vits,11,calib,57.06,70.18
standard_benchmark,DepthAnythingV2-vits,12,calib,56.82,70.2
standard_benchmark,DepthAnythingV2-vits,13,calib,57.0,70.16
standard_benchmark,DepthAnythingV2-vits,14,calib,56.82,70.16
standard_benchmark,DepthAnythingV2-vits,15,calib,57.02,70.14
standard_benchmark,DepthAnythingV2-vits,16,calib,56.93,70.17
standard_benchmark,DepthAnythingV2-vits,17,calib,57.21,70.21
standard_benchmark,DepthAnythingV2-vits,18,calib,56.97,70.11
standard_benchmark,DepthAnythingV2-vits,19,calib,57.05,70.21
standard_benchmark,DepthAnythingV3-DA3METRIC-LARGE,0,calib,80.18,73.11
standard_benchmark,DepthAnythingV3-DA3METRIC-LARGE,1,calib,80.06,73.12
standard_benchmark,DepthAnythingV3-DA3METRIC-LARGE,2,calib,80.03,73.11
standard_benchmark,DepthAnythingV3-DA3METRIC-LARGE,3,calib,80.11,73.11
standard_benchmark,DepthAnythingV3-DA3METRIC-LARGE,4,calib,80.15,73.12
standard_benchmark,DepthAnythingV3-DA3METRIC-LARGE,5,calib,80.03,73.09
standard_benchmark,DepthAnythingV3-DA3METRIC-LARGE,6,calib,80.09,73.13
standard_benchmark,DepthAnythingV3-DA3METRIC-LARGE,7,calib,80.06,73.11
standard_benchmark,DepthAnythingV3-DA3METRIC-LARGE,8,calib,80.15,73.12
standard_benchmark,DepthAnythingV3-DA3METRIC-LARGE,9,calib,80.1,73.11
standard_benchmark,DepthAnythingV3-DA3METRIC-LARGE,10,calib,80.04,73.11
standard_benchmark,DepthAnythingV3-DA3METRIC-LARGE,11,calib,80.03,73.11
standard_benchmark,DepthAnythingV3-DA3METRIC-LARGE,12,calib,80.0,73.13
standard_benchmark,DepthAnythingV3-DA3METRIC-LARGE,13,calib,80.12,73.12
standard_benchmark,DepthAnythingV3-DA3METRIC-LARGE,14,calib,79.97,73.12
standard_benchmark,DepthAnythingV3-DA3METRIC-LARGE,15,calib,80.07,73.11
standard_benchmark,DepthAnythingV3-DA3METRIC-LARGE,16,calib,80.17,73.11
standard_benchmark,DepthAnythingV3-DA3METRIC-LARGE,17,calib,80.1,73.12
standard_benchmark,DepthAnythingV3-DA3METRIC-LARGE,18,calib,80.01,73.11
standard_benchmark,DepthAnythingV3-DA3METRIC-LARGE,19,calib,80.06,73.14
standard_benchmark,DepthAnythingV3-DA3MONO-LARGE,0,calib,70.33,72.38
standard_benchmark,DepthAnythingV3-DA3MONO-LARGE,1,calib,70.32,72.38
standard_benchmark,DepthAnythingV3-DA3MONO-LARGE,2,calib,70.27,72.37
standard_benchmark,DepthAnythingV3-DA3MONO-LARGE,3,calib,70.17,72.37
standard_benchmark,DepthAnythingV3-DA3MONO-LARGE,4,calib,70.3,72.36
standard_benchmark,DepthAnythingV3-DA3MONO-LARGE,5,calib,70.22,72.36
standard_benchmark,DepthAnythingV3-DA3MONO-LARGE,6,calib,70.26,72.34
standard_benchmark,DepthAnythingV3-DA3MONO-LARGE,7,calib,70.21,72.34
standard_benchmark,DepthAnythingV3-DA3MONO-LARGE,8,calib,70.31,72.39
standard_benchmark,DepthAnythingV3-DA3MONO-LARGE,9,calib,70.34,72.37
standard_benchmark,DepthAnythingV3-DA3MONO-LARGE,10,calib,70.22,72.37
standard_benchmark,DepthAnythingV3-DA3MONO-LARGE,11,calib,70.24,72.34
standard_benchmark,DepthAnythingV3-DA3MONO-LARGE,12,calib,70.25,72.34
standard_benchmark,DepthAnythingV3-DA3MONO-LARGE,13,calib,70.27,72.34
standard_benchmark,DepthAnythingV3-DA3MONO-LARGE,14,calib,70.29,72.38
standard_benchmark,DepthAnythingV3-DA3MONO-LARGE,15,calib,70.27,72.38
standard_benchmark,DepthAnythingV3-DA3MONO-LARGE,16,calib,70.4,72.38
standard_benchmark,DepthAnythingV3-DA3MONO-LARGE,17,calib,70.18,72.33
standard_benchmark,DepthAnythingV3-DA3MONO-LARGE,18,calib,70.28,72.33
standard_benchmark,DepthAnythingV3-DA3MONO-LARGE,19,calib,70.22,72.37
standard_benchmark,DepthAnythingV3Calib-DA3METRIC-LARGE,0,calib,80.17,73.11
standard_benchmark,DepthAnythingV3Calib-DA3METRIC-LARGE,1,calib,80.05,73.13
standard_benchmark,DepthAnythingV3Calib-DA3METRIC-LARGE,2,calib,80.02,73.11
standard_benchmark,DepthAnythingV3Calib-DA3METRIC-LARGE,3,calib,80.11,73.11
standard_benchmark,DepthAnythingV3Calib-DA3METRIC-LARGE,4,calib,80.16,73.12
standard_benchmark,DepthAnythingV3Calib-DA3METRIC-LARGE,5,calib,80.04,73.09
standard_benchmark,DepthAnythingV3Calib-DA3METRIC-LARGE,6,calib,80.08,73.13
standard_benchmark,DepthAnythingV3Calib-DA3METRIC-LARGE,7,calib,80.06,73.12
standard_benchmark,DepthAnythingV3Calib-DA3METRIC-LARGE,8,calib,80.16,73.12
standard_benchmark,DepthAnythingV3Calib-DA3METRIC-LARGE,9,calib,80.1,73.11
standard_benchmark,DepthAnythingV3Calib-DA3METRIC-LARGE,10,calib,80.04,73.11
standard_benchmark,DepthAnythingV3Calib-DA3METRIC-LARGE,11,calib,80.03,73.12
standard_benchmark,DepthAnythingV3Calib-DA3METRIC-LARGE,12,calib,79.99,73.13
standard_benchmark,DepthAnythingV3Calib-DA3METRIC-LARGE,13,calib,80.12,73.12
standard_benchmark,DepthAnythingV3Calib-DA3METRIC-LARGE,14,calib,79.98,73.13
standard_benchmark,DepthAnythingV3Calib-DA3METRIC-LARGE,15,calib,80.07,73.11
standard_benchmark,DepthAnythingV3Calib-DA3METRIC-LARGE,16,calib,80.16,73.11
standard_benchmark,DepthAnythingV3Calib-DA3METRIC-LARGE,17,calib,80.1,73.12
standard_benchmark,DepthAnythingV3Calib-DA3METRIC-LARGE,18,calib,80.01,73.11
standard_benchmark,DepthAnythingV3Calib-DA3METRIC-LARGE,19,calib,80.06,73.13
standard_benchmark,DepthAnythingV3Calib-DA3MONO-LARGE,0,calib,70.34,72.39
standard_benchmark,DepthAnythingV3Calib-DA3MONO-LARGE,1,calib,70.32,72.38
standard_benchmark,DepthAnythingV3Calib-DA3MONO-LARGE,2,calib,70.28,72.37
standard_benchmark,DepthAnythingV3Calib-DA3MONO-LARGE,3,calib,70.18,72.37
standard_benchmark,DepthAnythingV3Calib-DA3MONO-LARGE,4,calib,70.31,72.36
standard_benchmark,DepthAnythingV3Calib-DA3MONO-LARGE,5,calib,70.22,72.36
standard_benchmark,DepthAnythingV3Calib-DA3MONO-LARGE,6,calib,70.26,72.34
standard_benchmark,DepthAnythingV3Calib-DA3MONO-LARGE,7,calib,70.2,72.34
standard_benchmark,DepthAnythingV3Calib-DA3MONO-LARGE,8,calib,70.31,72.39
standard_benchmark,DepthAnythingV3Calib-DA3MONO-LARGE,9,calib,70.34,72.37
standard_benchmark,DepthAnythingV3Calib-DA3MONO-LARGE,10,calib,70.22,72.37
standard_benchmark,DepthAnythingV3Calib-DA3MONO-LARGE,11,calib,70.25,72.34
standard_benchmark,DepthAnythingV3Calib-DA3MONO-LARGE,12,calib,70.25,72.35
standard_benchmark,DepthAnythingV3Calib-DA3MONO-LARGE,13,calib,70.26,72.34
standard_benchmark,DepthAnythingV3Calib-DA3MONO-LARGE,14,calib,70.3,72.38
standard_benchmark,DepthAnythingV3Calib-DA3MONO-LARGE,15,calib,70.27,72.38
standard_benchmark,DepthAnythingV3Calib-DA3MONO-LARGE,16,calib,70.4,72.38
standard_benchmark,DepthAnythingV3Calib-DA3MONO-LARGE,17,calib,70.17,72.33
standard_benchmark,DepthAnythingV3Calib-DA3MONO-LARGE,18,calib,70.29,72.33
standard_benchmark,DepthAnythingV3Calib-DA3MONO-LARGE,19,calib,70.22,72.37
standard_benchmark,DepthPro-vitl,0,calib,79.66,73.1
standard_benchmark,DepthPro-vitl,1,calib,79.61,73.1
standard_benchmark,DepthPro-vitl,2,calib,79.55,73.09
standard_benchmark,DepthPro-vitl,3,calib,79.47,73.11
standard_benchmark,DepthPro-vitl,4,calib,79.5,73.1
standard_benchmark,DepthPro-vitl,5,calib,79.68,73.08
standard_benchmark,DepthPro-vitl,6,calib,79.59,73.1
standard_benchmark,DepthPro-vitl,7,calib,79.54,73.1
standard_benchmark,DepthPro-vitl,8,calib,79.6,73.1
standard_benchmark,DepthPro-vitl,9,calib,79.61,73.09
standard_benchmark,DepthPro-vitl,10,calib,79.65,73.09
standard_benchmark,DepthPro-vitl,11,calib,79.61,73.11
standard_benchmark,DepthPro-vitl,12,calib,79.59,73.1
standard_benchmark,DepthPro-vitl,13,calib,79.73,73.11
standard_benchmark,DepthPro-vitl,14,calib,79.63,73.1
standard_benchmark,DepthPro-vitl,15,calib,79.56,73.09
standard_benchmark,DepthPro-vitl,16,calib,79.62,73.08
standard_benchmark,DepthPro-vitl,17,calib,79.71,73.11
standard_benchmark,DepthPro-vitl,18,calib,79.46,73.09
standard_benchmark,DepthPro-vitl,19,calib,79.59,73.1
standard_benchmark,DepthProCalib-vitl,0,calib,79.68,73.1
standard_benchmark,DepthProCalib-vitl,1,calib,79.64,73.1
standard_benchmark,DepthProCalib-vitl,2,calib,79.55,73.08
standard_benchmark,DepthProCalib-vitl,3,calib,79.56,73.12
standard_benchmark,DepthProCalib-vitl,4,calib,79.5,73.1
standard_benchmark,DepthProCalib-vitl,5,calib,79.68,73.09
standard_benchmark,DepthProCalib-vitl,6,calib,79.54,73.1
standard_benchmark,DepthProCalib-vitl,7,calib,79.51,73.1
standard_benchmark,DepthProCalib-vitl,8,calib,79.61,73.09
standard_benchmark,DepthProCalib-vitl,9,calib,79.62,73.1
standard_benchmark,DepthProCalib-vitl,10,calib,79.64,73.09
standard_benchmark,DepthProCalib-vitl,11,calib,79.62,73.12
standard_benchmark,DepthProCalib-vitl,12,calib,79.53,73.09
standard_benchmark,DepthProCalib-vitl,13,calib,79.67,73.1
standard_benchmark,DepthProCalib-vitl,14,calib,79.66,73.1
standard_benchmark,DepthProCalib-vitl,15,calib,79.5,73.09
standard_benchmark,DepthProCalib-vitl,16,calib,79.66,73.09
standard_benchmark,DepthProCalib-vitl,17,calib,79.68,73.11
standard_benchmark,DepthProCalib-vitl,18,calib,79.52,73.09
standard_benchmark,DepthProCalib-vitl,19,calib,79.54,73.1
standard_benchmark,MapAnything-map-anything,0,calib,77.54,73.18
standard_benchmark,MapAnything-map-anything,1,calib,77.47,73.21
standard_benchmark,MapAnything-map-anything,2,calib,77.57,73.22
standard_benchmark,MapAnything-map-anything,3,calib,77.56,73.21
standard_benchmark,MapAnything-map-anything,4,calib,77.53,73.21
standard_benchmark,MapAnything-map-anything,5,calib,77.5,73.2
standard_benchmark,MapAnything-map-anything,6,calib,77.66,73.2
standard_benchmark,MapAnything-map-anything,7,calib,77.57,73.2
standard_benchmark,MapAnything-map-anything,8,calib,77.54,73.22
standard_benchmark,MapAnything-map-anything,9,calib,77.66,73.21
standard_benchmark,MapAnything-map-anything,10,calib,77.64,73.21
standard_benchmark,MapAnything-map-anything,11,calib,77.58,73.22
standard_benchmark,MapAnything-map-anything,12,calib,77.62,73.2
standard_benchmark,MapAnything-map-anything,13,calib,77.47,73.21
standard_benchmark,MapAnything-map-anything,14,calib,77.54,73.2
standard_benchmark,MapAnything-map-anything,15,calib,77.58,73.21
standard_benchmark,MapAnything-map-anything,16,calib,77.68,73.21
standard_benchmark,MapAnything-map-anything,17,calib,77.6,73.23
standard_benchmark,MapAnything-map-anything,18,calib,77.57,73.21
standard_benchmark,MapAnything-map-anything,19,calib,77.5,73.19
standard_benchmark,MapAnythingCalib-map-anything,0,calib,77.46,73.22
standard_benchmark,MapAnythingCalib-map-anything,1,calib,77.5,73.24
standard_benchmark,MapAnythingCalib-map-anything,2,calib,77.48,73.25
standard_benchmark,MapAnythingCalib-map-anything,3,calib,77.55,73.24
standard_benchmark,MapAnythingCalib-map-anything,4,calib,77.39,73.24
standard_benchmark,MapAnythingCalib-map-anything,5,calib,77.5,73.23
standard_benchmark,MapAnythingCalib-map-anything,6,calib,77.51,73.23
standard_benchmark,MapAnythingCalib-map-anything,7,calib,77.5,73.24
standard_benchmark,MapAnythingCalib-map-anything,8,calib,77.5,73.24
standard_benchmark,MapAnythingCalib-map-anything,9,calib,77.48,73.23
standard_benchmark,MapAnythingCalib-map-anything,10,calib,77.5,73.25
standard_benchmark,MapAnythingCalib-map-anything,11,calib,77.48,73.24
standard_benchmark,MapAnythingCalib-map-anything,12,calib,77.4,73.23
standard_benchmark,MapAnythingCalib-map-anything,13,calib,77.49,73.25
standard_benchmark,MapAnythingCalib-map-anything,14,calib,77.36,73.24
standard_benchmark,MapAnythingCalib-map-anything,15,calib,77.4,73.24
standard_benchmark,MapAnythingCalib-map-anything,16,calib,77.44,73.24
standard_benchmark,MapAnythingCalib-map-anything,17,calib,77.46,73.23
standard_benchmark,MapAnythingCalib-map-anything,18,calib,77.5,73.25
standard_benchmark,MapAnythingCalib-map-anything,19,calib,77.51,73.25
standard_benchmark,Metric3DV2-vit_giant2,0,calib,80.93,73.16
standard_benchmark,Metric3DV2-vit_giant2,1,calib,80.95,73.14
standard_benchmark,Metric3DV2-vit_giant2,2,calib,81.01,73.13
standard_benchmark,Metric3DV2-vit_giant2,3,calib,80.88,73.15
standard_benchmark,Metric3DV2-vit_giant2,4,calib,81.03,73.14
standard_benchmark,Metric3DV2-vit_giant2,5,calib,80.89,73.14
standard_benchmark,Metric3DV2-vit_giant2,6,calib,80.91,73.15
standard_benchmark,Metric3DV2-vit_giant2,7,calib,80.95,73.12
standard_benchmark,Metric3DV2-vit_giant2,8,calib,80.82,73.14
standard_benchmark,Metric3DV2-vit_giant2,9,calib,81.0,73.15
standard_benchmark,Metric3DV2-vit_giant2,10,calib,80.86,73.14
standard_benchmark,Metric3DV2-vit_giant2,11,calib,80.94,73.14
standard_benchmark,Metric3DV2-vit_giant2,12,calib,80.86,73.14
standard_benchmark,Metric3DV2-vit_giant2,13,calib,80.89,73.14
standard_benchmark,Metric3DV2-vit_giant2,14,calib,80.96,73.14
standard_benchmark,Metric3DV2-vit_giant2,15,calib,80.94,73.15
standard_benchmark,Metric3DV2-vit_giant2,16,calib,80.93,73.14
standard_benchmark,Metric3DV2-vit_giant2,17,calib,80.86,73.13
standard_benchmark,Metric3DV2-vit_giant2,18,calib,80.94,73.15
standard_benchmark,Metric3DV2-vit_giant2,19,calib,80.87,73.16
standard_benchmark,Metric3DV2-vit_large,0,calib,79.22,73.16
standard_benchmark,Metric3DV2-vit_large,1,calib,79.16,73.15
standard_benchmark,Metric3DV2-vit_large,2,calib,79.08,73.15
standard_benchmark,Metric3DV2-vit_large,3,calib,79.26,73.17
standard_benchmark,Metric3DV2-vit_large,4,calib,79.09,73.16
standard_benchmark,Metric3DV2-vit_large,5,calib,79.22,73.15
standard_benchmark,Metric3DV2-vit_large,6,calib,79.12,73.15
standard_benchmark,Metric3DV2-vit_large,7,calib,79.19,73.16
standard_benchmark,Metric3DV2-vit_large,8,calib,79.26,73.18
standard_benchmark,Metric3DV2-vit_large,9,calib,79.23,73.16
standard_benchmark,Metric3DV2-vit_large,10,calib,79.13,73.17
standard_benchmark,Metric3DV2-vit_large,11,calib,79.1,73.17
standard_benchmark,Metric3DV2-vit_large,12,calib,79.2,73.14
standard_benchmark,Metric3DV2-vit_large,13,calib,79.13,73.15
standard_benchmark,Metric3DV2-vit_large,14,calib,79.18,73.16
standard_benchmark,Metric3DV2-vit_large,15,calib,79.12,73.15
standard_benchmark,Metric3DV2-vit_large,16,calib,79.25,73.15
standard_benchmark,Metric3DV2-vit_large,17,calib,79.11,73.16
standard_benchmark,Metric3DV2-vit_large,18,calib,79.25,73.15
standard_benchmark,Metric3DV2-vit_large,19,calib,79.16,73.16
standard_benchmark,Metric3DV2-vit_small,0,calib,79.54,72.94
standard_benchmark,Metric3DV2-vit_small,1,calib,79.64,72.94
standard_benchmark,Metric3DV2-vit_small,2,calib,79.7,72.97
standard_benchmark,Metric3DV2-vit_small,3,calib,79.5,72.94
standard_benchmark,Metric3DV2-vit_small,4,calib,79.6,72.96
standard_benchmark,Metric3DV2-vit_small,5,calib,79.68,72.96
standard_benchmark,Metric3DV2-vit_small,6,calib,79.56,72.97
standard_benchmark,Metric3DV2-vit_small,7,calib,79.57,72.94
standard_benchmark,Metric3DV2-vit_small,8,calib,79.64,72.97
standard_benchmark,Metric3DV2-vit_small,9,calib,79.62,72.97
standard_benchmark,Metric3DV2-vit_small,10,calib,79.57,72.98
standard_benchmark,Metric3DV2-vit_small,11,calib,79.66,72.97
standard_benchmark,Metric3DV2-vit_small,12,calib,79.62,72.94
standard_benchmark,Metric3DV2-vit_small,13,calib,79.62,72.94
standard_benchmark,Metric3DV2-vit_small,14,calib,79.59,72.98
standard_benchmark,Metric3DV2-vit_small,15,calib,79.62,72.93
standard_benchmark,Metric3DV2-vit_small,16,calib,79.66,72.96
standard_benchmark,Metric3DV2-vit_small,17,calib,79.52,72.95
standard_benchmark,Metric3DV2-vit_small,18,calib,79.68,72.97
standard_benchmark,Metric3DV2-vit_small,19,calib,79.64,72.96
standard_benchmark,Metric3DV2Calib-vit_giant2,0,calib,80.97,73.16
standard_benchmark,Metric3DV2Calib-vit_giant2,1,calib,80.95,73.15
standard_benchmark,Metric3DV2Calib-vit_giant2,2,calib,81.06,73.13
standard_benchmark,Metric3DV2Calib-vit_giant2,3,calib,80.9,73.16
standard_benchmark,Metric3DV2Calib-vit_giant2,4,calib,81.04,73.13
standard_benchmark,Metric3DV2Calib-vit_giant2,5,calib,80.89,73.14
standard_benchmark,Metric3DV2Calib-vit_giant2,6,calib,80.88,73.15
standard_benchmark,Metric3DV2Calib-vit_giant2,7,calib,80.98,73.12
standard_benchmark,Metric3DV2Calib-vit_giant2,8,calib,80.83,73.13
standard_benchmark,Metric3DV2Calib-vit_giant2,9,calib,80.98,73.15
standard_benchmark,Metric3DV2Calib-vit_giant2,10,calib,80.86,73.14
standard_benchmark,Metric3DV2Calib-vit_giant2,11,calib,80.98,73.14
standard_benchmark,Metric3DV2Calib-vit_giant2,12,calib,80.88,73.13
standard_benchmark,Metric3DV2Calib-vit_giant2,13,calib,80.89,73.14
standard_benchmark,Metric3DV2Calib-vit_giant2,14,calib,80.96,73.13
standard_benchmark,Metric3DV2Calib-vit_giant2,15,calib,80.94,73.15
standard_benchmark,Metric3DV2Calib-vit_giant2,16,calib,80.96,73.14
standard_benchmark,Metric3DV2Calib-vit_giant2,17,calib,80.86,73.12
standard_benchmark,Metric3DV2Calib-vit_giant2,18,calib,80.98,73.14
standard_benchmark,Metric3DV2Calib-vit_giant2,19,calib,80.93,73.15
standard_benchmark,Metric3DV2Calib-vit_large,0,calib,79.22,73.16
standard_benchmark,Metric3DV2Calib-vit_large,1,calib,79.14,73.15
standard_benchmark,Metric3DV2Calib-vit_large,2,calib,79.14,73.16
standard_benchmark,Metric3DV2Calib-vit_large,3,calib,79.22,73.18
standard_benchmark,Metric3DV2Calib-vit_large,4,calib,79.12,73.16
standard_benchmark,Metric3DV2Calib-vit_large,5,calib,79.17,73.14
standard_benchmark,Metric3DV2Calib-vit_large,6,calib,79.09,73.15
standard_benchmark,Metric3DV2Calib-vit_large,7,calib,79.12,73.15
standard_benchmark,Metric3DV2Calib-vit_large,8,calib,79.26,73.18
standard_benchmark,Metric3DV2Calib-vit_large,9,calib,79.21,73.16
standard_benchmark,Metric3DV2Calib-vit_large,10,calib,79.13,73.15
standard_benchmark,Metric3DV2Calib-vit_large,11,calib,79.05,73.18
standard_benchmark,Metric3DV2Calib-vit_large,12,calib,79.22,73.14
standard_benchmark,Metric3DV2Calib-vit_large,13,calib,79.19,73.16
standard_benchmark,Metric3DV2Calib-vit_large,14,calib,79.18,73.15
standard_benchmark,Metric3DV2Calib-vit_large,15,calib,79.14,73.15
standard_benchmark,Metric3DV2Calib-vit_large,16,calib,79.26,73.14
standard_benchmark,Metric3DV2Calib-vit_large,17,calib,79.07,73.15
standard_benchmark,Metric3DV2Calib-vit_large,18,calib,79.24,73.15
standard_benchmark,Metric3DV2Calib-vit_large,19,calib,79.16,73.16
standard_benchmark,Metric3DV2Calib-vit_small,0,calib,79.57,72.95
standard_benchmark,Metric3DV2Calib-vit_small,1,calib,79.62,72.95
standard_benchmark,Metric3DV2Calib-vit_small,2,calib,79.69,72.98
standard_benchmark,Metric3DV2Calib-vit_small,3,calib,79.55,72.96
standard_benchmark,Metric3DV2Calib-vit_small,4,calib,79.57,72.94
standard_benchmark,Metric3DV2Calib-vit_small,5,calib,79.74,72.96
standard_benchmark,Metric3DV2Calib-vit_small,6,calib,79.57,72.97
standard_benchmark,Metric3DV2Calib-vit_small,7,calib,79.63,72.96
standard_benchmark,Metric3DV2Calib-vit_small,8,calib,79.65,72.97
standard_benchmark,Metric3DV2Calib-vit_small,9,calib,79.55,72.96
standard_benchmark,Metric3DV2Calib-vit_small,10,calib,79.55,72.97
standard_benchmark,Metric3DV2Calib-vit_small,11,calib,79.63,72.97
standard_benchmark,Metric3DV2Calib-vit_small,12,calib,79.58,72.95
standard_benchmark,Metric3DV2Calib-vit_small,13,calib,79.67,72.97
standard_benchmark,Metric3DV2Calib-vit_small,14,calib,79.51,72.97
standard_benchmark,Metric3DV2Calib-vit_small,15,calib,79.65,72.93
standard_benchmark,Metric3DV2Calib-vit_small,16,calib,79.61,72.97
standard_benchmark,Metric3DV2Calib-vit_small,17,calib,79.52,72.96
standard_benchmark,Metric3DV2Calib-vit_small,18,calib,79.62,72.97
standard_benchmark,Metric3DV2Calib-vit_small,19,calib,79.66,72.96
standard_benchmark,MoGeV1-moge-vitl,0,calib,81.29,73.29
standard_benchmark,MoGeV1-moge-vitl,1,calib,81.31,73.29
standard_benchmark,MoGeV1-moge-vitl,2,calib,81.18,73.3
standard_benchmark,MoGeV1-moge-vitl,3,calib,81.22,73.28
standard_benchmark,MoGeV1-moge-vitl,4,calib,81.31,73.29
standard_benchmark,MoGeV1-moge-vitl,5,calib,81.18,73.28
standard_benchmark,MoGeV1-moge-vitl,6,calib,81.3,73.28
standard_benchmark,MoGeV1-moge-vitl,7,calib,81.32,73.3
standard_benchmark,MoGeV1-moge-vitl,8,calib,81.18,73.28
standard_benchmark,MoGeV1-moge-vitl,9,calib,81.21,73.28
standard_benchmark,MoGeV1-moge-vitl,10,calib,81.28,73.29
standard_benchmark,MoGeV1-moge-vitl,11,calib,81.34,73.28
standard_benchmark,MoGeV1-moge-vitl,12,calib,81.3,73.26
standard_benchmark,MoGeV1-moge-vitl,13,calib,81.19,73.29
standard_benchmark,MoGeV1-moge-vitl,14,calib,81.26,73.3
standard_benchmark,MoGeV1-moge-vitl,15,calib,81.24,73.3
standard_benchmark,MoGeV1-moge-vitl,16,calib,81.33,73.29
standard_benchmark,MoGeV1-moge-vitl,17,calib,81.26,73.28
standard_benchmark,MoGeV1-moge-vitl,18,calib,81.32,73.28
standard_benchmark,MoGeV1-moge-vitl,19,calib,81.23,73.28
standard_benchmark,MoGeV1Calib-moge-vitl,0,calib,81.35,73.31
standard_benchmark,MoGeV1Calib-moge-vitl,1,calib,81.25,73.32
standard_benchmark,MoGeV1Calib-moge-vitl,2,calib,81.2,73.31
standard_benchmark,MoGeV1Calib-moge-vitl,3,calib,81.22,73.3
standard_benchmark,MoGeV1Calib-moge-vitl,4,calib,81.35,73.31
standard_benchmark,MoGeV1Calib-moge-vitl,5,calib,81.3,73.3
standard_benchmark,MoGeV1Calib-moge-vitl,6,calib,81.28,73.29
standard_benchmark,MoGeV1Calib-moge-vitl,7,calib,81.34,73.3
standard_benchmark,MoGeV1Calib-moge-vitl,8,calib,81.34,73.31
standard_benchmark,MoGeV1Calib-moge-vitl,9,calib,81.27,73.31
standard_benchmark,MoGeV1Calib-moge-vitl,10,calib,81.33,73.3
standard_benchmark,MoGeV1Calib-moge-vitl,11,calib,81.31,73.31
standard_benchmark,MoGeV1Calib-moge-vitl,12,calib,81.38,73.29
standard_benchmark,MoGeV1Calib-moge-vitl,13,calib,81.31,73.31
standard_benchmark,MoGeV1Calib-moge-vitl,14,calib,81.31,73.3
standard_benchmark,MoGeV1Calib-moge-vitl,15,calib,81.26,73.29
standard_benchmark,MoGeV1Calib-moge-vitl,16,calib,81.36,73.3
standard_benchmark,MoGeV1Calib-moge-vitl,17,calib,81.3,73.31
standard_benchmark,MoGeV1Calib-moge-vitl,18,calib,81.31,73.29
standard_benchmark,MoGeV1Calib-moge-vitl,19,calib,81.35,73.3
standard_benchmark,MoGeV2-moge-2-vitl,0,calib,81.96,73.34
standard_benchmark,MoGeV2-moge-2-vitl,1,calib,82.04,73.34
standard_benchmark,MoGeV2-moge-2-vitl,2,calib,82.07,73.33
standard_benchmark,MoGeV2-moge-2-vitl,3,calib,81.98,73.33
standard_benchmark,MoGeV2-moge-2-vitl,4,calib,82.1,73.32
standard_benchmark,MoGeV2-moge-2-vitl,5,calib,82.0,73.34
standard_benchmark,MoGeV2-moge-2-vitl,6,calib,82.02,73.36
standard_benchmark,MoGeV2-moge-2-vitl,7,calib,81.99,73.33
standard_benchmark,MoGeV2-moge-2-vitl,8,calib,82.04,73.34
standard_benchmark,MoGeV2-moge-2-vitl,9,calib,82.05,73.33
standard_benchmark,MoGeV2-moge-2-vitl,10,calib,81.96,73.32
standard_benchmark,MoGeV2-moge-2-vitl,11,calib,81.99,73.32
standard_benchmark,MoGeV2-moge-2-vitl,12,calib,81.95,73.33
standard_benchmark,MoGeV2-moge-2-vitl,13,calib,82.04,73.34
standard_benchmark,MoGeV2-moge-2-vitl,14,calib,82.06,73.33
standard_benchmark,MoGeV2-moge-2-vitl,15,calib,82.03,73.32
standard_benchmark,MoGeV2-moge-2-vitl,16,calib,81.99,73.32
standard_benchmark,MoGeV2-moge-2-vitl,17,calib,82.08,73.34
standard_benchmark,MoGeV2-moge-2-vitl,18,calib,82.02,73.34
standard_benchmark,MoGeV2-moge-2-vitl,19,calib,82.0,73.34
standard_benchmark,MoGeV2Calib-moge-2-vitl,0,calib,82.65,73.36
standard_benchmark,MoGeV2Calib-moge-2-vitl,1,calib,82.47,73.35
standard_benchmark,MoGeV2Calib-moge-2-vitl,2,calib,82.62,73.35
standard_benchmark,MoGeV2Calib-moge-2-vitl,3,calib,82.52,73.34
standard_benchmark,MoGeV2Calib-moge-2-vitl,4,calib,82.58,73.34
standard_benchmark,MoGeV2Calib-moge-2-vitl,5,calib,82.62,73.34
standard_benchmark,MoGeV2Calib-moge-2-vitl,6,calib,82.59,73.37
standard_benchmark,MoGeV2Calib-moge-2-vitl,7,calib,82.5,73.34
standard_benchmark,MoGeV2Calib-moge-2-vitl,8,calib,82.46,73.34
standard_benchmark,MoGeV2Calib-moge-2-vitl,9,calib,82.54,73.34
standard_benchmark,MoGeV2Calib-moge-2-vitl,10,calib,82.5,73.34
standard_benchmark,MoGeV2Calib-moge-2-vitl,11,calib,82.52,73.36
standard_benchmark,MoGeV2Calib-moge-2-vitl,12,calib,82.5,73.35
standard_benchmark,MoGeV2Calib-moge-2-vitl,13,calib,82.44,73.36
standard_benchmark,MoGeV2Calib-moge-2-vitl,14,calib,82.58,73.34
standard_benchmark,MoGeV2Calib-moge-2-vitl,15,calib,82.58,73.34
standard_benchmark,MoGeV2Calib-moge-2-vitl,16,calib,82.55,73.34
standard_benchmark,MoGeV2Calib-moge-2-vitl,17,calib,82.57,73.36
standard_benchmark,MoGeV2Calib-moge-2-vitl,18,calib,82.46,73.35
standard_benchmark,MoGeV2Calib-moge-2-vitl,19,calib,82.58,73.34
standard_benchmark,Pi3-Pi3X,0,calib,81.89,73.29
standard_benchmark,Pi3-Pi3X,1,calib,81.89,73.3
standard_benchmark,Pi3-Pi3X,2,calib,81.93,73.28
standard_benchmark,Pi3-Pi3X,3,calib,81.92,73.3
standard_benchmark,Pi3-Pi3X,4,calib,81.89,73.29
standard_benchmark,Pi3-Pi3X,5,calib,81.9,73.28
standard_benchmark,Pi3-Pi3X,6,calib,81.93,73.28
standard_benchmark,Pi3-Pi3X,7,calib,81.94,73.3
standard_benchmark,Pi3-Pi3X,8,calib,81.89,73.31
standard_benchmark,Pi3-Pi3X,9,calib,81.94,73.29
standard_benchmark,Pi3-Pi3X,10,calib,81.9,73.29
standard_benchmark,Pi3-Pi3X,11,calib,81.92,73.3
standard_benchmark,Pi3-Pi3X,12,calib,81.96,73.3
standard_benchmark,Pi3-Pi3X,13,calib,81.94,73.29
standard_benchmark,Pi3-Pi3X,14,calib,81.88,73.3
standard_benchmark,Pi3-Pi3X,15,calib,82.05,73.31
standard_benchmark,Pi3-Pi3X,16,calib,81.86,73.28
standard_benchmark,Pi3-Pi3X,17,calib,81.86,73.3
standard_benchmark,Pi3-Pi3X,18,calib,81.99,73.31
standard_benchmark,Pi3-Pi3X,19,calib,81.92,73.28
standard_benchmark,Pi3Calib-Pi3X,0,calib,82.01,73.31
standard_benchmark,Pi3Calib-Pi3X,1,calib,81.99,73.31
standard_benchmark,Pi3Calib-Pi3X,2,calib,82.02,73.32
standard_benchmark,Pi3Calib-Pi3X,3,calib,82.04,73.33
standard_benchmark,Pi3Calib-Pi3X,4,calib,82.02,73.32
standard_benchmark,Pi3Calib-Pi3X,5,calib,82.06,73.32
standard_benchmark,Pi3Calib-Pi3X,6,calib,82.06,73.34
standard_benchmark,Pi3Calib-Pi3X,7,calib,82.02,73.33
standard_benchmark,Pi3Calib-Pi3X,8,calib,82.0,73.34
standard_benchmark,Pi3Calib-Pi3X,9,calib,81.98,73.33
standard_benchmark,Pi3Calib-Pi3X,10,calib,81.95,73.31
standard_benchmark,Pi3Calib-Pi3X,11,calib,81.92,73.32
standard_benchmark,Pi3Calib-Pi3X,12,calib,82.01,73.32
standard_benchmark,Pi3Calib-Pi3X,13,calib,82.08,73.32
standard_benchmark,Pi3Calib-Pi3X,14,calib,82.11,73.32
standard_benchmark,Pi3Calib-Pi3X,15,calib,82.07,73.32
standard_benchmark,Pi3Calib-Pi3X,16,calib,81.98,73.32
standard_benchmark,Pi3Calib-Pi3X,17,calib,82.04,73.32
standard_benchmark,Pi3Calib-Pi3X,18,calib,82.04,73.32
standard_benchmark,Pi3Calib-Pi3X,19,calib,82.04,73.31
standard_benchmark,UniDepth1-cnvnxtl,0,calib,78.54,72.94
standard_benchmark,UniDepth1-cnvnxtl,1,calib,78.51,72.95
standard_benchmark,UniDepth1-cnvnxtl,2,calib,78.55,72.96
standard_benchmark,UniDepth1-cnvnxtl,3,calib,78.48,72.94
standard_benchmark,UniDepth1-cnvnxtl,4,calib,78.44,72.91
standard_benchmark,UniDepth1-cnvnxtl,5,calib,78.48,72.92
standard_benchmark,UniDepth1-cnvnxtl,6,calib,78.54,72.93
standard_benchmark,UniDepth1-cnvnxtl,7,calib,78.46,72.91
standard_benchmark,UniDepth1-cnvnxtl,8,calib,78.47,72.94
standard_benchmark,UniDepth1-cnvnxtl,9,calib,78.59,72.92
standard_benchmark,UniDepth1-cnvnxtl,10,calib,78.57,72.95
standard_benchmark,UniDepth1-cnvnxtl,11,calib,78.57,72.93
standard_benchmark,UniDepth1-cnvnxtl,12,calib,78.49,72.93
standard_benchmark,UniDepth1-cnvnxtl,13,calib,78.55,72.91
standard_benchmark,UniDepth1-cnvnxtl,14,calib,78.53,72.93
standard_benchmark,UniDepth1-cnvnxtl,15,calib,78.51,72.95
standard_benchmark,UniDepth1-cnvnxtl,16,calib,78.58,72.94
standard_benchmark,UniDepth1-cnvnxtl,17,calib,78.58,72.94
standard_benchmark,UniDepth1-cnvnxtl,18,calib,78.55,72.92
standard_benchmark,UniDepth1-cnvnxtl,19,calib,78.53,72.95
standard_benchmark,UniDepth1-vitl14,0,calib,79.31,73.02
standard_benchmark,UniDepth1-vitl14,1,calib,79.39,73.04
standard_benchmark,UniDepth1-vitl14,2,calib,79.36,73.02
standard_benchmark,UniDepth1-vitl14,3,calib,79.34,73.02
standard_benchmark,UniDepth1-vitl14,4,calib,79.27,73.03
standard_benchmark,UniDepth1-vitl14,5,calib,79.26,73.03
standard_benchmark,UniDepth1-vitl14,6,calib,79.37,73.02
standard_benchmark,UniDepth1-vitl14,7,calib,79.36,73.03
standard_benchmark,UniDepth1-vitl14,8,calib,79.31,73.03
standard_benchmark,UniDepth1-vitl14,9,calib,79.24,73.03
standard_benchmark,UniDepth1-vitl14,10,calib,79.28,73.01
standard_benchmark,UniDepth1-vitl14,11,calib,79.26,73.01
standard_benchmark,UniDepth1-vitl14,12,calib,79.33,73.02
standard_benchmark,UniDepth1-vitl14,13,calib,79.34,73.03
standard_benchmark,UniDepth1-vitl14,14,calib,79.35,73.03
standard_benchmark,UniDepth1-vitl14,15,calib,79.35,73.02
standard_benchmark,UniDepth1-vitl14,16,calib,79.34,73.01
standard_benchmark,UniDepth1-vitl14,17,calib,79.32,73.01
standard_benchmark,UniDepth1-vitl14,18,calib,79.32,73.03
standard_benchmark,UniDepth1-vitl14,19,calib,79.4,73.03
standard_benchmark,UniDepth1Calib-cnvnxtl,0,calib,78.8,72.94
standard_benchmark,UniDepth1Calib-cnvnxtl,1,calib,78.69,72.95
standard_benchmark,UniDepth1Calib-cnvnxtl,2,calib,78.72,72.98
standard_benchmark,UniDepth1Calib-cnvnxtl,3,calib,78.51,72.96
standard_benchmark,UniDepth1Calib-cnvnxtl,4,calib,78.62,72.94
standard_benchmark,UniDepth1Calib-cnvnxtl,5,calib,78.75,72.96
standard_benchmark,UniDepth1Calib-cnvnxtl,6,calib,78.76,72.96
standard_benchmark,UniDepth1Calib-cnvnxtl,7,calib,78.58,72.93
standard_benchmark,UniDepth1Calib-cnvnxtl,8,calib,78.56,72.94
standard_benchmark,UniDepth1Calib-cnvnxtl,9,calib,78.74,72.93
standard_benchmark,UniDepth1Calib-cnvnxtl,10,calib,78.66,72.95
standard_benchmark,UniDepth1Calib-cnvnxtl,11,calib,78.56,72.96
standard_benchmark,UniDepth1Calib-cnvnxtl,12,calib,78.71,72.95
standard_benchmark,UniDepth1Calib-cnvnxtl,13,calib,78.7,72.95
standard_benchmark,UniDepth1Calib-cnvnxtl,14,calib,78.7,72.97
standard_benchmark,UniDepth1Calib-cnvnxtl,15,calib,78.61,72.95
standard_benchmark,UniDepth1Calib-cnvnxtl,16,calib,78.7,72.95
standard_benchmark,UniDepth1Calib-cnvnxtl,17,calib,78.77,72.95
standard_benchmark,UniDepth1Calib-cnvnxtl,18,calib,78.66,72.94
standard_benchmark,UniDepth1Calib-cnvnxtl,19,calib,78.72,72.96
standard_benchmark,UniDepth1Calib-vitl14,0,calib,79.54,73.05
standard_benchmark,UniDepth1Calib-vitl14,1,calib,79.55,73.06
standard_benchmark,UniDepth1Calib-vitl14,2,calib,79.56,73.06
standard_benchmark,UniDepth1Calib-vitl14,3,calib,79.57,73.08
standard_benchmark,UniDepth1Calib-vitl14,4,calib,79.56,73.07
standard_benchmark,UniDepth1Calib-vitl14,5,calib,79.52,73.06
standard_benchmark,UniDepth1Calib-vitl14,6,calib,79.68,73.08
standard_benchmark,UniDepth1Calib-vitl14,7,calib,79.5,73.06
standard_benchmark,UniDepth1Calib-vitl14,8,calib,79.5,73.05
standard_benchmark,UniDepth1Calib-vitl14,9,calib,79.47,73.05
standard_benchmark,UniDepth1Calib-vitl14,10,calib,79.61,73.06
standard_benchmark,UniDepth1Calib-vitl14,11,calib,79.52,73.06
standard_benchmark,UniDepth1Calib-vitl14,12,calib,79.56,73.06
standard_benchmark,UniDepth1Calib-vitl14,13,calib,79.55,73.06
standard_benchmark,UniDepth1Calib-vitl14,14,calib,79.57,73.06
standard_benchmark,UniDepth1Calib-vitl14,15,calib,79.59,73.07
standard_benchmark,UniDepth1Calib-vitl14,16,calib,79.61,73.06
standard_benchmark,UniDepth1Calib-vitl14,17,calib,79.5,73.05
standard_benchmark,UniDepth1Calib-vitl14,18,calib,79.61,73.06
standard_benchmark,UniDepth1Calib-vitl14,19,calib,79.56,73.06
standard_benchmark,UniDepth2-vitb14,0,calib,80.91,73.24
standard_benchmark,UniDepth2-vitb14,1,calib,80.9,73.23
standard_benchmark,UniDepth2-vitb14,2,calib,80.75,73.24
standard_benchmark,UniDepth2-vitb14,3,calib,80.8,73.24
standard_benchmark,UniDepth2-vitb14,4,calib,80.83,73.24
standard_benchmark,UniDepth2-vitb14,5,calib,80.87,73.23
standard_benchmark,UniDepth2-vitb14,6,calib,80.82,73.26
standard_benchmark,UniDepth2-vitb14,7,calib,80.85,73.24
standard_benchmark,UniDepth2-vitb14,8,calib,80.74,73.22
standard_benchmark,UniDepth2-vitb14,9,calib,80.83,73.24
standard_benchmark,UniDepth2-vitb14,10,calib,80.82,73.23
standard_benchmark,UniDepth2-vitb14,11,calib,80.82,73.24
standard_benchmark,UniDepth2-vitb14,12,calib,80.76,73.25
standard_benchmark,UniDepth2-vitb14,13,calib,80.73,73.24
standard_benchmark,UniDepth2-vitb14,14,calib,80.84,73.25
standard_benchmark,UniDepth2-vitb14,15,calib,80.91,73.26
standard_benchmark,UniDepth2-vitb14,16,calib,80.77,73.23
standard_benchmark,UniDepth2-vitb14,17,calib,80.81,73.25
standard_benchmark,UniDepth2-vitb14,18,calib,80.88,73.24
standard_benchmark,UniDepth2-vitb14,19,calib,80.84,73.27
standard_benchmark,UniDepth2-vitl14,0,calib,82.12,73.27
standard_benchmark,UniDepth2-vitl14,1,calib,82.11,73.3
standard_benchmark,UniDepth2-vitl14,2,calib,82.1,73.29
standard_benchmark,UniDepth2-vitl14,3,calib,82.05,73.3
standard_benchmark,UniDepth2-vitl14,4,calib,82.02,73.3
standard_benchmark,UniDepth2-vitl14,5,calib,82.04,73.27
standard_benchmark,UniDepth2-vitl14,6,calib,82.07,73.31
standard_benchmark,UniDepth2-vitl14,7,calib,82.14,73.3
standard_benchmark,UniDepth2-vitl14,8,calib,82.08,73.28
standard_benchmark,UniDepth2-vitl14,9,calib,82.14,73.29
standard_benchmark,UniDepth2-vitl14,10,calib,82.05,73.29
standard_benchmark,UniDepth2-vitl14,11,calib,82.1,73.3
standard_benchmark,UniDepth2-vitl14,12,calib,82.11,73.3
standard_benchmark,UniDepth2-vitl14,13,calib,82.03,73.29
standard_benchmark,UniDepth2-vitl14,14,calib,82.09,73.29
standard_benchmark,UniDepth2-vitl14,15,calib,82.1,73.29
standard_benchmark,UniDepth2-vitl14,16,calib,82.07,73.29
standard_benchmark,UniDepth2-vitl14,17,calib,82.02,73.29
standard_benchmark,UniDepth2-vitl14,18,calib,82.15,73.29
standard_benchmark,UniDepth2-vitl14,19,calib,82.08,73.3
standard_benchmark,UniDepth2-vits14,0,calib,78.43,73.09
standard_benchmark,UniDepth2-vits14,1,calib,78.48,73.1
standard_benchmark,UniDepth2-vits14,2,calib,78.41,73.1
standard_benchmark,UniDepth2-vits14,3,calib,78.47,73.1
standard_benchmark,UniDepth2-vits14,4,calib,78.53,73.06
standard_benchmark,UniDepth2-vits14,5,calib,78.5,73.09
standard_benchmark,UniDepth2-vits14,6,calib,78.49,73.1
standard_benchmark,UniDepth2-vits14,7,calib,78.44,73.08
standard_benchmark,UniDepth2-vits14,8,calib,78.28,73.08
standard_benchmark,UniDepth2-vits14,9,calib,78.38,73.09
standard_benchmark,UniDepth2-vits14,10,calib,78.43,73.09
standard_benchmark,UniDepth2-vits14,11,calib,78.43,73.08
standard_benchmark,UniDepth2-vits14,12,calib,78.52,73.08
standard_benchmark,UniDepth2-vits14,13,calib,78.39,73.09
standard_benchmark,UniDepth2-vits14,14,calib,78.42,73.09
standard_benchmark,UniDepth2-vits14,15,calib,78.42,73.08
standard_benchmark,UniDepth2-vits14,16,calib,78.5,73.1
standard_benchmark,UniDepth2-vits14,17,calib,78.48,73.08
standard_benchmark,UniDepth2-vits14,18,calib,78.39,73.09
standard_benchmark,UniDepth2-vits14,19,calib,78.38,73.09
standard_benchmark,UniDepth2Calib-vitb14,0,calib,80.83,73.24
standard_benchmark,UniDepth2Calib-vitb14,1,calib,80.86,73.26
standard_benchmark,UniDepth2Calib-vitb14,2,calib,80.91,73.24
standard_benchmark,UniDepth2Calib-vitb14,3,calib,80.89,73.24
standard_benchmark,UniDepth2Calib-vitb14,4,calib,80.86,73.25
standard_benchmark,UniDepth2Calib-vitb14,5,calib,80.9,73.25
standard_benchmark,UniDepth2Calib-vitb14,6,calib,80.9,73.27
standard_benchmark,UniDepth2Calib-vitb14,7,calib,80.92,73.24
standard_benchmark,UniDepth2Calib-vitb14,8,calib,80.92,73.25
standard_benchmark,UniDepth2Calib-vitb14,9,calib,80.97,73.24
standard_benchmark,UniDepth2Calib-vitb14,10,calib,80.89,73.24
standard_benchmark,UniDepth2Calib-vitb14,11,calib,80.88,73.22
standard_benchmark,UniDepth2Calib-vitb14,12,calib,80.86,73.25
standard_benchmark,UniDepth2Calib-vitb14,13,calib,80.82,73.25
standard_benchmark,UniDepth2Calib-vitb14,14,calib,80.91,73.24
standard_benchmark,UniDepth2Calib-vitb14,15,calib,80.91,73.25
standard_benchmark,UniDepth2Calib-vitb14,16,calib,80.96,73.26
standard_benchmark,UniDepth2Calib-vitb14,17,calib,80.9,73.24
standard_benchmark,UniDepth2Calib-vitb14,18,calib,80.92,73.25
standard_benchmark,UniDepth2Calib-vitb14,19,calib,80.91,73.25
standard_benchmark,UniDepth2Calib-vitl14,0,calib,82.25,73.3
standard_benchmark,UniDepth2Calib-vitl14,1,calib,82.21,73.31
standard_benchmark,UniDepth2Calib-vitl14,2,calib,82.26,73.31
standard_benchmark,UniDepth2Calib-vitl14,3,calib,82.22,73.31
standard_benchmark,UniDepth2Calib-vitl14,4,calib,82.16,73.31
standard_benchmark,UniDepth2Calib-vitl14,5,calib,82.21,73.29
standard_benchmark,UniDepth2Calib-vitl14,6,calib,82.22,73.31
standard_benchmark,UniDepth2Calib-vitl14,7,calib,82.23,73.31
standard_benchmark,UniDepth2Calib-vitl14,8,calib,82.16,73.3
standard_benchmark,UniDepth2Calib-vitl14,9,calib,82.3,73.3
standard_benchmark,UniDepth2Calib-vitl14,10,calib,82.16,73.3
standard_benchmark,UniDepth2Calib-vitl14,11,calib,82.22,73.3
standard_benchmark,UniDepth2Calib-vitl14,12,calib,82.25,73.3
standard_benchmark,UniDepth2Calib-vitl14,13,calib,82.22,73.3
standard_benchmark,UniDepth2Calib-vitl14,14,calib,82.22,73.31
standard_benchmark,UniDepth2Calib-vitl14,15,calib,82.16,73.32
standard_benchmark,UniDepth2Calib-vitl14,16,calib,82.26,73.31
standard_benchmark,UniDepth2Calib-vitl14,17,calib,82.22,73.3
standard_benchmark,UniDepth2Calib-vitl14,18,calib,82.26,73.3
standard_benchmark,UniDepth2Calib-vitl14,19,calib,82.26,73.31
standard_benchmark,UniDepth2Calib-vits14,0,calib,78.54,73.09
standard_benchmark,UniDepth2Calib-vits14,1,calib,78.69,73.11
standard_benchmark,UniDepth2Calib-vits14,2,calib,78.6,73.12
standard_benchmark,UniDepth2Calib-vits14,3,calib,78.61,73.11
standard_benchmark,UniDepth2Calib-vits14,4,calib,78.6,73.09
standard_benchmark,UniDepth2Calib-vits14,5,calib,78.66,73.1
standard_benchmark,UniDepth2Calib-vits14,6,calib,78.67,73.1
standard_benchmark,UniDepth2Calib-vits14,7,calib,78.58,73.09
standard_benchmark,UniDepth2Calib-vits14,8,calib,78.55,73.1
standard_benchmark,UniDepth2Calib-vits14,9,calib,78.59,73.1
standard_benchmark,UniDepth2Calib-vits14,10,calib,78.58,73.09
standard_benchmark,UniDepth2Calib-vits14,11,calib,78.54,73.1
standard_benchmark,UniDepth2Calib-vits14,12,calib,78.59,73.1
standard_benchmark,UniDepth2Calib-vits14,13,calib,78.54,73.1
standard_benchmark,UniDepth2Calib-vits14,14,calib,78.57,73.11
standard_benchmark,UniDepth2Calib-vits14,15,calib,78.64,73.1
standard_benchmark,UniDepth2Calib-vits14,16,calib,78.57,73.1
standard_benchmark,UniDepth2Calib-vits14,17,calib,78.61,73.1
standard_benchmark,UniDepth2Calib-vits14,18,calib,78.63,73.09
standard_benchmark,UniDepth2Calib-vits14,19,calib,78.62,73.11
standard_benchmark,UniK3D-vitl,0,calib,81.28,73.3
standard_benchmark,UniK3D-vitl,1,calib,81.29,73.32
standard_benchmark,UniK3D-vitl,2,calib,81.34,73.32
standard_benchmark,UniK3D-vitl,3,calib,81.24,73.31
standard_benchmark,UniK3D-vitl,4,calib,81.26,73.31
standard_benchmark,UniK3D-vitl,5,calib,81.33,73.29
standard_benchmark,UniK3D-vitl,6,calib,81.28,73.31
standard_benchmark,UniK3D-vitl,7,calib,81.36,73.32
standard_benchmark,UniK3D-vitl,8,calib,81.3,73.31
standard_benchmark,UniK3D-vitl,9,calib,81.25,73.31
standard_benchmark,UniK3D-vitl,10,calib,81.25,73.3
standard_benchmark,UniK3D-vitl,11,calib,81.32,73.3
standard_benchmark,UniK3D-vitl,12,calib,81.3,73.3
standard_benchmark,UniK3D-vitl,13,calib,81.27,73.3
standard_benchmark,UniK3D-vitl,14,calib,81.24,73.3
standard_benchmark,UniK3D-vitl,15,calib,81.25,73.3
standard_benchmark,UniK3D-vitl,16,calib,81.29,73.29
standard_benchmark,UniK3D-vitl,17,calib,81.36,73.31
standard_benchmark,UniK3D-vitl,18,calib,81.31,73.3
standard_benchmark,UniK3D-vitl,19,calib,81.26,73.31
standard_benchmark,UniK3DCalib-vitl,0,calib,81.27,73.3
standard_benchmark,UniK3DCalib-vitl,1,calib,81.34,73.31
standard_benchmark,UniK3DCalib-vitl,2,calib,81.34,73.31
standard_benchmark,UniK3DCalib-vitl,3,calib,81.33,73.31
standard_benchmark,UniK3DCalib-vitl,4,calib,81.32,73.3
standard_benchmark,UniK3DCalib-vitl,5,calib,81.35,73.3
standard_benchmark,UniK3DCalib-vitl,6,calib,81.32,73.31
standard_benchmark,UniK3DCalib-vitl,7,calib,81.32,73.3
standard_benchmark,UniK3DCalib-vitl,8,calib,81.3,73.32
standard_benchmark,UniK3DCalib-vitl,9,calib,81.28,73.32
standard_benchmark,UniK3DCalib-vitl,10,calib,81.32,73.3
standard_benchmark,UniK3DCalib-vitl,11,calib,81.28,73.31
standard_benchmark,UniK3DCalib-vitl,12,calib,81.32,73.3
standard_benchmark,UniK3DCalib-vitl,13,calib,81.28,73.3
standard_benchmark,UniK3DCalib-vitl,14,calib,81.26,73.3
standard_benchmark,UniK3DCalib-vitl,15,calib,81.3,73.31
standard_benchmark,UniK3DCalib-vitl,16,calib,81.26,73.29
standard_benchmark,UniK3DCalib-vitl,17,calib,81.32,73.31
standard_benchmark,UniK3DCalib-vitl,18,calib,81.33,73.3
standard_benchmark,UniK3DCalib-vitl,19,calib,81.31,73.31
standard_benchmark,VGGT-VGGT-1B,0,calib,78.22,73.0
standard_benchmark,VGGT-VGGT-1B,1,calib,78.21,73.01
standard_benchmark,VGGT-VGGT-1B,2,calib,78.29,73.0
standard_benchmark,VGGT-VGGT-1B,3,calib,78.19,72.96
standard_benchmark,VGGT-VGGT-1B,4,calib,78.19,73.0
standard_benchmark,VGGT-VGGT-1B,5,calib,78.22,72.99
standard_benchmark,VGGT-VGGT-1B,6,calib,78.28,73.01
standard_benchmark,VGGT-VGGT-1B,7,calib,78.14,73.0
standard_benchmark,VGGT-VGGT-1B,8,calib,78.23,72.97
standard_benchmark,VGGT-VGGT-1B,9,calib,78.32,73.0
standard_benchmark,VGGT-VGGT-1B,10,calib,78.12,73.0
standard_benchmark,VGGT-VGGT-1B,11,calib,78.29,73.01
standard_benchmark,VGGT-VGGT-1B,12,calib,78.19,73.0
standard_benchmark,VGGT-VGGT-1B,13,calib,78.18,73.0
standard_benchmark,VGGT-VGGT-1B,14,calib,78.35,73.0
standard_benchmark,VGGT-VGGT-1B,15,calib,78.17,72.99
standard_benchmark,VGGT-VGGT-1B,16,calib,78.24,72.99
standard_benchmark,VGGT-VGGT-1B,17,calib,78.28,72.99
standard_benchmark,VGGT-VGGT-1B,18,calib,78.14,72.98
standard_benchmark,VGGT-VGGT-1B,19,calib,78.17,73.0
standard_benchmark,gt,0,calib,90.7,77.91
standard_benchmark,gt,1,calib,90.69,77.92
standard_benchmark,gt,2,calib,90.7,77.92
standard_benchmark,gt,3,calib,90.68,77.93
standard_benchmark,gt,4,calib,90.7,77.91
standard_benchmark,gt,5,calib,90.63,77.93
standard_benchmark,gt,6,calib,90.69,77.92
standard_benchmark,gt,7,calib,90.7,77.92
standard_benchmark,gt,8,calib,90.73,77.91
standard_benchmark,gt,9,calib,90.69,77.92
standard_benchmark,gt,10,calib,90.62,77.92
standard_benchmark,gt,11,calib,90.66,77.92
standard_benchmark,gt,12,calib,90.71,77.92
standard_benchmark,gt,13,calib,90.69,77.91
standard_benchmark,gt,14,calib,90.68,77.92
standard_benchmark,gt,15,calib,90.64,77.91
standard_benchmark,gt,16,calib,90.71,77.92
standard_benchmark,gt,17,calib,90.64,77.93
standard_benchmark,gt,18,calib,90.68,77.92
standard_benchmark,gt,19,calib,90.67,77.92
standard_benchmark,none,0,baseline_calib,84.01,73.81
standard_benchmark,none,1,baseline_calib,83.95,73.82
standard_benchmark,none,2,baseline_calib,84.04,73.81
standard_benchmark,none,3,baseline_calib,84.03,73.81
standard_benchmark,none,4,baseline_calib,84.06,73.81
standard_benchmark,none,5,baseline_calib,83.94,73.81
standard_benchmark,none,6,baseline_calib,84.14,73.82
standard_benchmark,none,7,baseline_calib,84.0,73.81
standard_benchmark,none,8,baseline_calib,83.9,73.81
standard_benchmark,none,9,baseline_calib,84.02,73.81
standard_benchmark,none,10,baseline_calib,84.01,73.81
standard_benchmark,none,11,baseline_calib,84.02,73.81
standard_benchmark,none,12,baseline_calib,84.07,73.8
standard_benchmark,none,13,baseline_calib,83.97,73.81
standard_benchmark,none,14,baseline_calib,84.02,73.81
standard_benchmark,none,15,baseline_calib,83.88,73.81
standard_benchmark,none,16,baseline_calib,84.0,73.81
standard_benchmark,none,17,baseline_calib,84.04,73.8
standard_benchmark,none,18,baseline_calib,84.05,73.81
standard_benchmark,none,19,baseline_calib,83.98,73.81
