dataset,mde,iters,solver,pose_mAA_10,mean_mde_runtime,mean_inliers
standard_benchmark,DepthAnythingV2-vitb,10,calib,59.92,78.62,69.14
standard_benchmark,DepthAnythingV2-vitb,10,calib_ro,35.13,78.62,52.73
standard_benchmark,DepthAnythingV2-vitb,10,calib_shift,78.18,78.62,79.6
standard_benchmark,DepthAnythingV2-vitb,10,calib_shift_ro,58.52,78.62,65.24
standard_benchmark,DepthAnythingV2-vitb,10,sf,41.94,78.62,63.05
standard_benchmark,DepthAnythingV2-vitb,10,sf_ro,25.66,78.62,65.78
standard_benchmark,DepthAnythingV2-vitb,10,sf_shift,33.53,78.62,39.0
standard_benchmark,DepthAnythingV2-vitb,10,sf_shift_ro,28.91,78.62,54.77
standard_benchmark,DepthAnythingV2-vitb,100,calib,69.52,78.62,78.3
standard_benchmark,DepthAnythingV2-vitb,100,calib_ro,35.73,78.62,53.55
standard_benchmark,DepthAnythingV2-vitb,100,calib_shift,83.49,78.62,83.59
standard_benchmark,DepthAnythingV2-vitb,100,calib_shift_ro,60.29,78.62,67.14
standard_benchmark,DepthAnythingV2-vitb,100,sf,49.64,78.62,73.79
standard_benchmark,DepthAnythingV2-vitb,100,sf_ro,26.36,78.62,68.81
standard_benchmark,DepthAnythingV2-vitb,100,sf_shift,53.54,78.62,65.04
standard_benchmark,DepthAnythingV2-vitb,100,sf_shift_ro,36.51,78.62,69.0
standard_benchmark,DepthAnythingV2-vitb,500,calib,73.04,78.62,81.86
standard_benchmark,DepthAnythingV2-vitb,500,calib_ro,35.94,78.62,53.62
standard_benchmark,DepthAnythingV2-vitb,500,calib_shift,84.81,78.62,84.16
standard_benchmark,DepthAnythingV2-vitb,500,calib_shift_ro,60.53,78.62,67.33
standard_benchmark,DepthAnythingV2-vitb,500,sf,52.81,78.62,77.49
standard_benchmark,DepthAnythingV2-vitb,500,sf_ro,26.45,78.62,69.33
standard_benchmark,DepthAnythingV2-vitb,500,sf_shift,61.6,78.62,74.75
standard_benchmark,DepthAnythingV2-vitb,500,sf_shift_ro,38.9,78.62,72.46
standard_benchmark,DepthAnythingV2-vitb,1000,calib,74.02,78.62,82.86
standard_benchmark,DepthAnythingV2-vitb,1000,calib_ro,35.99,78.62,53.62
standard_benchmark,DepthAnythingV2-vitb,1000,calib_shift,85.15,78.62,84.29
standard_benchmark,DepthAnythingV2-vitb,1000,calib_shift_ro,60.58,78.62,67.37
standard_benchmark,DepthAnythingV2-vitb,1000,sf,53.94,78.62,78.62
standard_benchmark,DepthAnythingV2-vitb,1000,sf_ro,26.45,78.62,69.44
standard_benchmark,DepthAnythingV2-vitb,1000,sf_shift,63.86,78.62,77.33
standard_benchmark,DepthAnythingV2-vitb,1000,sf_shift_ro,39.55,78.62,73.4
standard_benchmark,DepthAnythingV2-vitl,10,calib,36.86,162.95,27.52
standard_benchmark,DepthAnythingV2-vitl,10,calib_ro,34.01,162.95,52.1
standard_benchmark,DepthAnythingV2-vitl,10,calib_shift,69.59,162.95,56.89
standard_benchmark,DepthAnythingV2-vitl,10,calib_shift_ro,57.89,162.95,65.35
standard_benchmark,DepthAnythingV2-vitl,10,sf,40.85,162.95,61.84
standard_benchmark,DepthAnythingV2-vitl,10,sf_ro,24.97,162.95,64.97
standard_benchmark,DepthAnythingV2-vitl,10,sf_shift,32.88,162.95,38.79
standard_benchmark,DepthAnythingV2-vitl,10,sf_shift_ro,27.59,162.95,53.15
standard_benchmark,DepthAnythingV2-vitl,100,calib,44.02,162.95,35.36
standard_benchmark,DepthAnythingV2-vitl,100,calib_ro,34.68,162.95,52.99
standard_benchmark,DepthAnythingV2-vitl,100,calib_shift,77.41,162.95,67.06
standard_benchmark,DepthAnythingV2-vitl,100,calib_shift_ro,59.45,162.95,67.07
standard_benchmark,DepthAnythingV2-vitl,100,sf,48.79,162.95,72.5
standard_benchmark,DepthAnythingV2-vitl,100,sf_ro,25.61,162.95,68.24
standard_benchmark,DepthAnythingV2-vitl,100,sf_shift,52.66,162.95,64.46
standard_benchmark,DepthAnythingV2-vitl,100,sf_shift_ro,36.13,162.95,68.68
standard_benchmark,DepthAnythingV2-vitl,500,calib,47.84,162.95,40.06
standard_benchmark,DepthAnythingV2-vitl,500,calib_ro,34.92,162.95,53.05
standard_benchmark,DepthAnythingV2-vitl,500,calib_shift,80.6,162.95,71.98
standard_benchmark,DepthAnythingV2-vitl,500,calib_shift_ro,59.54,162.95,67.25
standard_benchmark,DepthAnythingV2-vitl,500,sf,52.08,162.95,76.36
standard_benchmark,DepthAnythingV2-vitl,500,sf_ro,25.74,162.95,68.75
standard_benchmark,DepthAnythingV2-vitl,500,sf_shift,61.52,162.95,74.72
standard_benchmark,DepthAnythingV2-vitl,500,sf_shift_ro,38.74,162.95,72.37
standard_benchmark,DepthAnythingV2-vitl,1000,calib,49.52,162.95,42.15
standard_benchmark,DepthAnythingV2-vitl,1000,calib_ro,34.95,162.95,53.05
standard_benchmark,DepthAnythingV2-vitl,1000,calib_shift,81.54,162.95,73.7
standard_benchmark,DepthAnythingV2-vitl,1000,calib_shift_ro,59.56,162.95,67.28
standard_benchmark,DepthAnythingV2-vitl,1000,sf,53.21,162.95,77.68
standard_benchmark,DepthAnythingV2-vitl,1000,sf_ro,25.75,162.95,68.9
standard_benchmark,DepthAnythingV2-vitl,1000,sf_shift,63.83,162.95,77.3
standard_benchmark,DepthAnythingV2-vitl,1000,sf_shift_ro,39.55,162.95,73.39
standard_benchmark,DepthAnythingV2-vits,10,calib,60.4,50.66,69.52
standard_benchmark,DepthAnythingV2-vits,10,calib_ro,34.96,50.66,51.89
standard_benchmark,DepthAnythingV2-vits,10,calib_shift,78.03,50.66,79.12
standard_benchmark,DepthAnythingV2-vits,10,calib_shift_ro,57.28,50.66,63.56
standard_benchmark,DepthAnythingV2-vits,10,sf,42.02,50.66,63.19
standard_benchmark,DepthAnythingV2-vits,10,sf_ro,25.17,50.66,65.06
standard_benchmark,DepthAnythingV2-vits,10,sf_shift,32.88,50.66,38.54
standard_benchmark,DepthAnythingV2-vits,10,sf_shift_ro,28.24,50.66,54.25
standard_benchmark,DepthAnythingV2-vits,100,calib,70.19,50.66,78.66
standard_benchmark,DepthAnythingV2-vits,100,calib_ro,35.59,50.66,52.77
standard_benchmark,DepthAnythingV2-vits,100,calib_shift,83.32,50.66,83.5
standard_benchmark,DepthAnythingV2-vits,100,calib_shift_ro,59.4,50.66,65.54
standard_benchmark,DepthAnythingV2-vits,100,sf,49.83,50.66,74.11
standard_benchmark,DepthAnythingV2-vits,100,sf_ro,25.86,50.66,68.09
standard_benchmark,DepthAnythingV2-vits,100,sf_shift,52.94,50.66,64.79
standard_benchmark,DepthAnythingV2-vits,100,sf_shift_ro,35.61,50.66,68.26
standard_benchmark,DepthAnythingV2-vits,500,calib,73.78,50.66,82.2
standard_benchmark,DepthAnythingV2-vits,500,calib_ro,35.83,50.66,52.83
standard_benchmark,DepthAnythingV2-vits,500,calib_shift,84.89,50.66,84.16
standard_benchmark,DepthAnythingV2-vits,500,calib_shift_ro,59.76,50.66,65.75
standard_benchmark,DepthAnythingV2-vits,500,sf,52.97,50.66,77.8
standard_benchmark,DepthAnythingV2-vits,500,sf_ro,25.94,50.66,68.56
standard_benchmark,DepthAnythingV2-vits,500,sf_shift,61.22,50.66,74.67
standard_benchmark,DepthAnythingV2-vits,500,sf_shift_ro,38.16,50.66,71.6
standard_benchmark,DepthAnythingV2-vits,1000,calib,74.58,50.66,83.13
standard_benchmark,DepthAnythingV2-vits,1000,calib_ro,35.88,50.66,52.84
standard_benchmark,DepthAnythingV2-vits,1000,calib_shift,85.2,50.66,84.28
standard_benchmark,DepthAnythingV2-vits,1000,calib_shift_ro,59.79,50.66,65.79
standard_benchmark,DepthAnythingV2-vits,1000,sf,53.93,50.66,78.97
standard_benchmark,DepthAnythingV2-vits,1000,sf_ro,25.92,50.66,68.66
standard_benchmark,DepthAnythingV2-vits,1000,sf_shift,63.66,50.66,77.31
standard_benchmark,DepthAnythingV2-vits,1000,sf_shift_ro,38.79,50.66,72.44
standard_benchmark,DepthAnythingV3-DA3METRIC-LARGE,10,calib,81.46,60.25,81.04
standard_benchmark,DepthAnythingV3-DA3METRIC-LARGE,10,calib_ro,69.72,60.25,70.9
standard_benchmark,DepthAnythingV3-DA3METRIC-LARGE,10,calib_shift,79.92,60.25,80.12
standard_benchmark,DepthAnythingV3-DA3METRIC-LARGE,10,calib_shift_ro,71.64,60.25,73.38
standard_benchmark,DepthAnythingV3-DA3METRIC-LARGE,10,sf,71.35,60.25,78.8
standard_benchmark,DepthAnythingV3-DA3METRIC-LARGE,10,sf_ro,60.46,60.25,80.74
standard_benchmark,DepthAnythingV3-DA3METRIC-LARGE,10,sf_shift,35.52,60.25,38.74
standard_benchmark,DepthAnythingV3-DA3METRIC-LARGE,10,sf_shift_ro,38.75,60.25,57.54
standard_benchmark,DepthAnythingV3-DA3METRIC-LARGE,100,calib,85.27,60.25,83.4
standard_benchmark,DepthAnythingV3-DA3METRIC-LARGE,100,calib_ro,70.37,60.25,71.31
standard_benchmark,DepthAnythingV3-DA3METRIC-LARGE,100,calib_shift,85.04,60.25,83.42
standard_benchmark,DepthAnythingV3-DA3METRIC-LARGE,100,calib_shift_ro,73.18,60.25,74.69
standard_benchmark,DepthAnythingV3-DA3METRIC-LARGE,100,sf,75.94,60.25,82.67
standard_benchmark,DepthAnythingV3-DA3METRIC-LARGE,100,sf_ro,61.3,60.25,81.76
standard_benchmark,DepthAnythingV3-DA3METRIC-LARGE,100,sf_shift,56.49,60.25,65.07
standard_benchmark,DepthAnythingV3-DA3METRIC-LARGE,100,sf_shift_ro,49.73,60.25,73.4
standard_benchmark,DepthAnythingV3-DA3METRIC-LARGE,500,calib,86.18,60.25,83.88
standard_benchmark,DepthAnythingV3-DA3METRIC-LARGE,500,calib_ro,70.4,60.25,71.32
standard_benchmark,DepthAnythingV3-DA3METRIC-LARGE,500,calib_shift,86.56,60.25,83.96
standard_benchmark,DepthAnythingV3-DA3METRIC-LARGE,500,calib_shift_ro,73.44,60.25,74.79
standard_benchmark,DepthAnythingV3-DA3METRIC-LARGE,500,sf,77.38,60.25,83.42
standard_benchmark,DepthAnythingV3-DA3METRIC-LARGE,500,sf_ro,61.39,60.25,81.87
standard_benchmark,DepthAnythingV3-DA3METRIC-LARGE,500,sf_shift,64.44,60.25,74.69
standard_benchmark,DepthAnythingV3-DA3METRIC-LARGE,500,sf_shift_ro,53.52,60.25,77.69
standard_benchmark,DepthAnythingV3-DA3METRIC-LARGE,1000,calib,86.43,60.25,83.96
standard_benchmark,DepthAnythingV3-DA3METRIC-LARGE,1000,calib_ro,70.42,60.25,71.32
standard_benchmark,DepthAnythingV3-DA3METRIC-LARGE,1000,calib_shift,86.92,60.25,84.08
standard_benchmark,DepthAnythingV3-DA3METRIC-LARGE,1000,calib_shift_ro,73.5,60.25,74.81
standard_benchmark,DepthAnythingV3-DA3METRIC-LARGE,1000,sf,77.81,60.25,83.61
standard_benchmark,DepthAnythingV3-DA3METRIC-LARGE,1000,sf_ro,61.39,60.25,81.9
standard_benchmark,DepthAnythingV3-DA3METRIC-LARGE,1000,sf_shift,66.7,60.25,77.21
standard_benchmark,DepthAnythingV3-DA3METRIC-LARGE,1000,sf_shift_ro,54.53,60.25,78.77
standard_benchmark,DepthAnythingV3-DA3MONO-LARGE,10,calib,71.83,59.58,77.39
standard_benchmark,DepthAnythingV3-DA3MONO-LARGE,10,calib_ro,53.06,59.58,61.46
standard_benchmark,DepthAnythingV3-DA3MONO-LARGE,10,calib_shift,79.56,59.58,80.28
standard_benchmark,DepthAnythingV3-DA3MONO-LARGE,10,calib_shift_ro,72.36,59.58,72.77
standard_benchmark,DepthAnythingV3-DA3MONO-LARGE,10,sf,56.72,59.58,74.34
standard_benchmark,DepthAnythingV3-DA3MONO-LARGE,10,sf_ro,43.19,59.58,72.57
standard_benchmark,DepthAnythingV3-DA3MONO-LARGE,10,sf_shift,35.73,59.58,39.48
standard_benchmark,DepthAnythingV3-DA3MONO-LARGE,10,sf_shift_ro,39.38,59.58,58.28
standard_benchmark,DepthAnythingV3-DA3MONO-LARGE,100,calib,77.57,59.58,82.14
standard_benchmark,DepthAnythingV3-DA3MONO-LARGE,100,calib_ro,53.92,59.58,62.04
standard_benchmark,DepthAnythingV3-DA3MONO-LARGE,100,calib_shift,84.51,59.58,83.42
standard_benchmark,DepthAnythingV3-DA3MONO-LARGE,100,calib_shift_ro,73.89,59.58,74.1
standard_benchmark,DepthAnythingV3-DA3MONO-LARGE,100,sf,62.78,59.58,80.66
standard_benchmark,DepthAnythingV3-DA3MONO-LARGE,100,sf_ro,44.24,59.58,74.08
standard_benchmark,DepthAnythingV3-DA3MONO-LARGE,100,sf_shift,56.47,59.58,65.45
standard_benchmark,DepthAnythingV3-DA3MONO-LARGE,100,sf_shift_ro,50.54,59.58,73.96
standard_benchmark,DepthAnythingV3-DA3MONO-LARGE,500,calib,79.08,59.58,83.34
standard_benchmark,DepthAnythingV3-DA3MONO-LARGE,500,calib_ro,54.16,59.58,62.08
standard_benchmark,DepthAnythingV3-DA3MONO-LARGE,500,calib_shift,86.26,59.58,83.98
standard_benchmark,DepthAnythingV3-DA3MONO-LARGE,500,calib_shift_ro,74.08,59.58,74.2
standard_benchmark,DepthAnythingV3-DA3MONO-LARGE,500,sf,64.68,59.58,82.14
standard_benchmark,DepthAnythingV3-DA3MONO-LARGE,500,sf_ro,44.39,59.58,74.32
standard_benchmark,DepthAnythingV3-DA3MONO-LARGE,500,sf_shift,64.16,59.58,75.13
standard_benchmark,DepthAnythingV3-DA3MONO-LARGE,500,sf_shift_ro,54.0,59.58,77.85
standard_benchmark,DepthAnythingV3-DA3MONO-LARGE,1000,calib,79.48,59.58,83.61
standard_benchmark,DepthAnythingV3-DA3MONO-LARGE,1000,calib_ro,54.2,59.58,62.08
standard_benchmark,DepthAnythingV3-DA3MONO-LARGE,1000,calib_shift,86.7,59.58,84.09
standard_benchmark,DepthAnythingV3-DA3MONO-LARGE,1000,calib_shift_ro,74.12,59.58,74.22
standard_benchmark,DepthAnythingV3-DA3MONO-LARGE,1000,sf,65.27,59.58,82.54
standard_benchmark,DepthAnythingV3-DA3MONO-LARGE,1000,sf_ro,44.43,59.58,74.37
standard_benchmark,DepthAnythingV3-DA3MONO-LARGE,1000,sf_shift,66.24,59.58,77.6
standard_benchmark,DepthAnythingV3-DA3MONO-LARGE,1000,sf_shift_ro,55.03,59.58,78.92
standard_benchmark,DepthAnythingV3Calib-DA3METRIC-LARGE,10,calib,81.46,56.23,81.04
standard_benchmark,DepthAnythingV3Calib-DA3METRIC-LARGE,10,calib_ro,69.72,56.23,70.9
standard_benchmark,DepthAnythingV3Calib-DA3METRIC-LARGE,10,calib_shift,79.92,56.23,80.12
standard_benchmark,DepthAnythingV3Calib-DA3METRIC-LARGE,10,calib_shift_ro,71.63,56.23,73.38
standard_benchmark,DepthAnythingV3Calib-DA3METRIC-LARGE,100,calib,85.27,56.23,83.4
standard_benchmark,DepthAnythingV3Calib-DA3METRIC-LARGE,100,calib_ro,70.37,56.23,71.31
standard_benchmark,DepthAnythingV3Calib-DA3METRIC-LARGE,100,calib_shift,85.04,56.23,83.42
standard_benchmark,DepthAnythingV3Calib-DA3METRIC-LARGE,100,calib_shift_ro,73.18,56.23,74.69
standard_benchmark,DepthAnythingV3Calib-DA3METRIC-LARGE,500,calib,86.18,56.23,83.88
standard_benchmark,DepthAnythingV3Calib-DA3METRIC-LARGE,500,calib_ro,70.4,56.23,71.32
standard_benchmark,DepthAnythingV3Calib-DA3METRIC-LARGE,500,calib_shift,86.56,56.23,83.96
standard_benchmark,DepthAnythingV3Calib-DA3METRIC-LARGE,500,calib_shift_ro,73.44,56.23,74.79
standard_benchmark,DepthAnythingV3Calib-DA3METRIC-LARGE,1000,calib,86.43,56.23,83.96
standard_benchmark,DepthAnythingV3Calib-DA3METRIC-LARGE,1000,calib_ro,70.42,56.23,71.32
standard_benchmark,DepthAnythingV3Calib-DA3METRIC-LARGE,1000,calib_shift,86.92,56.23,84.08
standard_benchmark,DepthAnythingV3Calib-DA3METRIC-LARGE,1000,calib_shift_ro,73.5,56.23,74.81
standard_benchmark,DepthAnythingV3Calib-DA3MONO-LARGE,10,calib,71.84,56.32,77.39
standard_benchmark,DepthAnythingV3Calib-DA3MONO-LARGE,10,calib_ro,53.06,56.32,61.46
standard_benchmark,DepthAnythingV3Calib-DA3MONO-LARGE,10,calib_shift,79.56,56.32,80.28
standard_benchmark,DepthAnythingV3Calib-DA3MONO-LARGE,10,calib_shift_ro,72.34,56.32,72.77
standard_benchmark,DepthAnythingV3Calib-DA3MONO-LARGE,100,calib,77.58,56.32,82.14
standard_benchmark,DepthAnythingV3Calib-DA3MONO-LARGE,100,calib_ro,53.92,56.32,62.04
standard_benchmark,DepthAnythingV3Calib-DA3MONO-LARGE,100,calib_shift,84.52,56.32,83.42
standard_benchmark,DepthAnythingV3Calib-DA3MONO-LARGE,100,calib_shift_ro,73.89,56.32,74.1
standard_benchmark,DepthAnythingV3Calib-DA3MONO-LARGE,500,calib,79.08,56.32,83.34
standard_benchmark,DepthAnythingV3Calib-DA3MONO-LARGE,500,calib_ro,54.16,56.32,62.08
standard_benchmark,DepthAnythingV3Calib-DA3MONO-LARGE,500,calib_shift,86.26,56.32,83.98
standard_benchmark,DepthAnythingV3Calib-DA3MONO-LARGE,500,calib_shift_ro,74.09,56.32,74.2
standard_benchmark,DepthAnythingV3Calib-DA3MONO-LARGE,1000,calib,79.48,56.32,83.61
standard_benchmark,DepthAnythingV3Calib-DA3MONO-LARGE,1000,calib_ro,54.2,56.32,62.08
standard_benchmark,DepthAnythingV3Calib-DA3MONO-LARGE,1000,calib_shift,86.7,56.32,84.09
standard_benchmark,DepthAnythingV3Calib-DA3MONO-LARGE,1000,calib_shift_ro,74.13,56.32,74.22
standard_benchmark,DepthPro-vitl,10,calib,80.52,110.11,81.05
standard_benchmark,DepthPro-vitl,10,calib_ro,66.9,110.11,68.8
standard_benchmark,DepthPro-vitl,10,calib_shift,79.08,110.11,79.52
standard_benchmark,DepthPro-vitl,10,calib_shift_ro,70.96,110.11,71.59
standard_benchmark,DepthPro-vitl,10,mdecalib,29.32,110.11,55.72
standard_benchmark,DepthPro-vitl,10,mdecalib_ro,25.62,110.11,55.36
standard_benchmark,DepthPro-vitl,10,mdecalib_shift,29.98,110.11,56.2
standard_benchmark,DepthPro-vitl,10,mdecalib_shift_ro,29.78,110.11,63.11
standard_benchmark,DepthPro-vitl,10,sf,68.68,110.11,78.06
standard_benchmark,DepthPro-vitl,10,sf_ro,56.37,110.11,79.18
standard_benchmark,DepthPro-vitl,10,sf_shift,35.79,110.11,38.39
standard_benchmark,DepthPro-vitl,10,sf_shift_ro,39.61,110.11,56.25
standard_benchmark,DepthPro-vitl,100,calib,84.35,110.11,83.44
standard_benchmark,DepthPro-vitl,100,calib_ro,67.49,110.11,69.24
standard_benchmark,DepthPro-vitl,100,calib_shift,83.9,110.11,83.09
standard_benchmark,DepthPro-vitl,100,calib_shift_ro,72.84,110.11,73.35
standard_benchmark,DepthPro-vitl,100,mdecalib,31.12,110.11,60.8
standard_benchmark,DepthPro-vitl,100,mdecalib_ro,25.82,110.11,56.11
standard_benchmark,DepthPro-vitl,100,mdecalib_shift,31.98,110.11,61.94
standard_benchmark,DepthPro-vitl,100,mdecalib_shift_ro,30.69,110.11,65.37
standard_benchmark,DepthPro-vitl,100,sf,73.29,110.11,82.35
standard_benchmark,DepthPro-vitl,100,sf_ro,57.31,110.11,80.44
standard_benchmark,DepthPro-vitl,100,sf_shift,56.56,110.11,64.62
standard_benchmark,DepthPro-vitl,100,sf_shift_ro,50.11,110.11,72.26
standard_benchmark,DepthPro-vitl,500,calib,85.32,110.11,83.87
standard_benchmark,DepthPro-vitl,500,calib_ro,67.56,110.11,69.27
standard_benchmark,DepthPro-vitl,500,calib_shift,85.58,110.11,83.74
standard_benchmark,DepthPro-vitl,500,calib_shift_ro,73.08,110.11,73.5
standard_benchmark,DepthPro-vitl,500,mdecalib,31.53,110.11,62.82
standard_benchmark,DepthPro-vitl,500,mdecalib_ro,25.89,110.11,56.16
standard_benchmark,DepthPro-vitl,500,mdecalib_shift,32.38,110.11,63.63
standard_benchmark,DepthPro-vitl,500,mdecalib_shift_ro,30.91,110.11,65.61
standard_benchmark,DepthPro-vitl,500,sf,74.8,110.11,83.24
standard_benchmark,DepthPro-vitl,500,sf_ro,57.38,110.11,80.59
standard_benchmark,DepthPro-vitl,500,sf_shift,64.95,110.11,74.35
standard_benchmark,DepthPro-vitl,500,sf_shift_ro,53.58,110.11,76.33
standard_benchmark,DepthPro-vitl,1000,calib,85.61,110.11,83.96
standard_benchmark,DepthPro-vitl,1000,calib_ro,67.6,110.11,69.26
standard_benchmark,DepthPro-vitl,1000,calib_shift,86.1,110.11,83.9
standard_benchmark,DepthPro-vitl,1000,calib_shift_ro,73.12,110.11,73.53
standard_benchmark,DepthPro-vitl,1000,mdecalib,31.62,110.11,63.49
standard_benchmark,DepthPro-vitl,1000,mdecalib_ro,25.9,110.11,56.17
standard_benchmark,DepthPro-vitl,1000,mdecalib_shift,32.42,110.11,64.16
standard_benchmark,DepthPro-vitl,1000,mdecalib_shift_ro,30.92,110.11,65.64
standard_benchmark,DepthPro-vitl,1000,sf,75.24,110.11,83.47
standard_benchmark,DepthPro-vitl,1000,sf_ro,57.4,110.11,80.62
standard_benchmark,DepthPro-vitl,1000,sf_shift,67.24,110.11,76.89
standard_benchmark,DepthPro-vitl,1000,sf_shift_ro,54.6,110.11,77.42
standard_benchmark,DepthProCalib-vitl,10,calib,80.48,110.08,81.06
standard_benchmark,DepthProCalib-vitl,10,calib_ro,66.91,110.08,68.8
standard_benchmark,DepthProCalib-vitl,10,calib_shift,79.02,110.08,79.52
standard_benchmark,DepthProCalib-vitl,10,calib_shift_ro,70.94,110.08,71.59
standard_benchmark,DepthProCalib-vitl,100,calib,84.33,110.08,83.44
standard_benchmark,DepthProCalib-vitl,100,calib_ro,67.49,110.08,69.25
standard_benchmark,DepthProCalib-vitl,100,calib_shift,83.85,110.08,83.09
standard_benchmark,DepthProCalib-vitl,100,calib_shift_ro,72.88,110.08,73.36
standard_benchmark,DepthProCalib-vitl,500,calib,85.32,110.08,83.86
standard_benchmark,DepthProCalib-vitl,500,calib_ro,67.56,110.08,69.27
standard_benchmark,DepthProCalib-vitl,500,calib_shift,85.6,110.08,83.74
standard_benchmark,DepthProCalib-vitl,500,calib_shift_ro,73.09,110.08,73.51
standard_benchmark,DepthProCalib-vitl,1000,calib,85.61,110.08,83.96
standard_benchmark,DepthProCalib-vitl,1000,calib_ro,67.59,110.08,69.26
standard_benchmark,DepthProCalib-vitl,1000,calib_shift,86.16,110.08,83.9
standard_benchmark,DepthProCalib-vitl,1000,calib_shift_ro,73.12,110.08,73.54
standard_benchmark,MapAnything-map-anything,10,calib,79.38,216.61,82.32
standard_benchmark,MapAnything-map-anything,10,calib_ro,68.81,216.61,69.42
standard_benchmark,MapAnything-map-anything,10,calib_shift,78.94,216.61,80.83
standard_benchmark,MapAnything-map-anything,10,calib_shift_ro,68.72,216.61,71.8
standard_benchmark,MapAnything-map-anything,10,mdecalib,44.85,216.61,68.17
standard_benchmark,MapAnything-map-anything,10,mdecalib_ro,41.83,216.61,63.91
standard_benchmark,MapAnything-map-anything,10,mdecalib_shift,43.98,216.61,68.28
standard_benchmark,MapAnything-map-anything,10,mdecalib_shift_ro,42.5,216.61,68.77
standard_benchmark,MapAnything-map-anything,10,sf,69.5,216.61,79.61
standard_benchmark,MapAnything-map-anything,10,sf_ro,58.81,216.61,80.33
standard_benchmark,MapAnything-map-anything,10,sf_shift,34.01,216.61,38.38
standard_benchmark,MapAnything-map-anything,10,sf_shift_ro,35.06,216.61,54.48
standard_benchmark,MapAnything-map-anything,100,calib,83.37,216.61,84.59
standard_benchmark,MapAnything-map-anything,100,calib_ro,69.38,216.61,69.84
standard_benchmark,MapAnything-map-anything,100,calib_shift,84.08,216.61,84.48
standard_benchmark,MapAnything-map-anything,100,calib_shift_ro,70.67,216.61,73.54
standard_benchmark,MapAnything-map-anything,100,mdecalib,47.44,216.61,71.84
standard_benchmark,MapAnything-map-anything,100,mdecalib_ro,42.3,216.61,64.53
standard_benchmark,MapAnything-map-anything,100,mdecalib_shift,46.95,216.61,72.81
standard_benchmark,MapAnything-map-anything,100,mdecalib_shift_ro,43.9,216.61,70.7
standard_benchmark,MapAnything-map-anything,100,sf,73.88,216.61,83.81
standard_benchmark,MapAnything-map-anything,100,sf_ro,60.18,216.61,81.93
standard_benchmark,MapAnything-map-anything,100,sf_shift,54.57,216.61,64.67
standard_benchmark,MapAnything-map-anything,100,sf_shift_ro,46.38,216.61,71.35
standard_benchmark,MapAnything-map-anything,500,calib,84.33,216.61,85.04
standard_benchmark,MapAnything-map-anything,500,calib_ro,69.53,216.61,69.86
standard_benchmark,MapAnything-map-anything,500,calib_shift,85.81,216.61,85.1
standard_benchmark,MapAnything-map-anything,500,calib_shift_ro,71.0,216.61,73.66
standard_benchmark,MapAnything-map-anything,500,mdecalib,48.23,216.61,73.13
standard_benchmark,MapAnything-map-anything,500,mdecalib_ro,42.41,216.61,64.56
standard_benchmark,MapAnything-map-anything,500,mdecalib_shift,47.78,216.61,73.79
standard_benchmark,MapAnything-map-anything,500,mdecalib_shift_ro,44.17,216.61,70.86
standard_benchmark,MapAnything-map-anything,500,sf,75.52,216.61,84.67
standard_benchmark,MapAnything-map-anything,500,sf_ro,60.38,216.61,82.09
standard_benchmark,MapAnything-map-anything,500,sf_shift,63.22,216.61,74.72
standard_benchmark,MapAnything-map-anything,500,sf_shift_ro,50.15,216.61,75.68
standard_benchmark,MapAnything-map-anything,1000,calib,84.57,216.61,85.13
standard_benchmark,MapAnything-map-anything,1000,calib_ro,69.56,216.61,69.86
standard_benchmark,MapAnything-map-anything,1000,calib_shift,86.25,216.61,85.21
standard_benchmark,MapAnything-map-anything,1000,calib_shift_ro,71.09,216.61,73.69
standard_benchmark,MapAnything-map-anything,1000,mdecalib,48.42,216.61,73.51
standard_benchmark,MapAnything-map-anything,1000,mdecalib_ro,42.46,216.61,64.56
standard_benchmark,MapAnything-map-anything,1000,mdecalib_shift,48.0,216.61,74.06
standard_benchmark,MapAnything-map-anything,1000,mdecalib_shift_ro,44.24,216.61,70.89
standard_benchmark,MapAnything-map-anything,1000,sf,76.05,216.61,84.84
standard_benchmark,MapAnything-map-anything,1000,sf_ro,60.45,216.61,82.13
standard_benchmark,MapAnything-map-anything,1000,sf_shift,65.62,216.61,77.41
standard_benchmark,MapAnything-map-anything,1000,sf_shift_ro,51.38,216.61,76.89
standard_benchmark,MapAnythingCalib-map-anything,10,calib,79.28,216.23,82.34
standard_benchmark,MapAnythingCalib-map-anything,10,calib_ro,69.8,216.23,69.55
standard_benchmark,MapAnythingCalib-map-anything,10,calib_shift,79.12,216.23,80.96
standard_benchmark,MapAnythingCalib-map-anything,10,calib_shift_ro,68.64,216.23,72.0
standard_benchmark,MapAnythingCalib-map-anything,100,calib,83.32,216.23,84.57
standard_benchmark,MapAnythingCalib-map-anything,100,calib_ro,70.54,216.23,69.99
standard_benchmark,MapAnythingCalib-map-anything,100,calib_shift,84.29,216.23,84.51
standard_benchmark,MapAnythingCalib-map-anything,100,calib_shift_ro,70.84,216.23,73.7
standard_benchmark,MapAnythingCalib-map-anything,500,calib,84.24,216.23,85.03
standard_benchmark,MapAnythingCalib-map-anything,500,calib_ro,70.72,216.23,70.0
standard_benchmark,MapAnythingCalib-map-anything,500,calib_shift,85.82,216.23,85.07
standard_benchmark,MapAnythingCalib-map-anything,500,calib_shift_ro,71.1,216.23,73.82
standard_benchmark,MapAnythingCalib-map-anything,1000,calib,84.37,216.23,85.14
standard_benchmark,MapAnythingCalib-map-anything,1000,calib_ro,70.74,216.23,70.0
standard_benchmark,MapAnythingCalib-map-anything,1000,calib_shift,86.18,216.23,85.2
standard_benchmark,MapAnythingCalib-map-anything,1000,calib_shift_ro,71.15,216.23,73.84
standard_benchmark,Metric3DV2-vit_giant2,10,calib,82.06,649.47,81.31
standard_benchmark,Metric3DV2-vit_giant2,10,calib_ro,71.35,649.47,69.53
standard_benchmark,Metric3DV2-vit_giant2,10,calib_shift,80.16,649.47,80.06
standard_benchmark,Metric3DV2-vit_giant2,10,calib_shift_ro,74.01,649.47,72.16
standard_benchmark,Metric3DV2-vit_giant2,10,sf,70.78,649.47,78.91
standard_benchmark,Metric3DV2-vit_giant2,10,sf_ro,61.26,649.47,81.04
standard_benchmark,Metric3DV2-vit_giant2,10,sf_shift,36.16,649.47,38.36
standard_benchmark,Metric3DV2-vit_giant2,10,sf_shift_ro,40.39,649.47,56.94
standard_benchmark,Metric3DV2-vit_giant2,100,calib,85.62,649.47,83.48
standard_benchmark,Metric3DV2-vit_giant2,100,calib_ro,72.0,649.47,69.83
standard_benchmark,Metric3DV2-vit_giant2,100,calib_shift,85.26,649.47,83.4
standard_benchmark,Metric3DV2-vit_giant2,100,calib_shift_ro,75.72,649.47,73.46
standard_benchmark,Metric3DV2-vit_giant2,100,sf,75.36,649.47,82.74
standard_benchmark,Metric3DV2-vit_giant2,100,sf_ro,62.08,649.47,81.98
standard_benchmark,Metric3DV2-vit_giant2,100,sf_shift,57.43,649.47,64.59
standard_benchmark,Metric3DV2-vit_giant2,100,sf_shift_ro,52.38,649.47,72.76
standard_benchmark,Metric3DV2-vit_giant2,500,calib,86.37,649.47,83.86
standard_benchmark,Metric3DV2-vit_giant2,500,calib_ro,72.11,649.47,69.85
standard_benchmark,Metric3DV2-vit_giant2,500,calib_shift,86.89,649.47,83.97
standard_benchmark,Metric3DV2-vit_giant2,500,calib_shift_ro,75.9,649.47,73.6
standard_benchmark,Metric3DV2-vit_giant2,500,sf,76.84,649.47,83.43
standard_benchmark,Metric3DV2-vit_giant2,500,sf_ro,62.11,649.47,82.06
standard_benchmark,Metric3DV2-vit_giant2,500,sf_shift,65.96,649.47,74.39
standard_benchmark,Metric3DV2-vit_giant2,500,sf_shift_ro,56.52,649.47,77.02
standard_benchmark,Metric3DV2-vit_giant2,1000,calib,86.61,649.47,83.96
standard_benchmark,Metric3DV2-vit_giant2,1000,calib_ro,72.13,649.47,69.85
standard_benchmark,Metric3DV2-vit_giant2,1000,calib_shift,87.29,649.47,84.08
standard_benchmark,Metric3DV2-vit_giant2,1000,calib_shift_ro,75.95,649.47,73.62
standard_benchmark,Metric3DV2-vit_giant2,1000,sf,77.2,649.47,83.58
standard_benchmark,Metric3DV2-vit_giant2,1000,sf_ro,62.08,649.47,82.07
standard_benchmark,Metric3DV2-vit_giant2,1000,sf_shift,68.1,649.47,76.89
standard_benchmark,Metric3DV2-vit_giant2,1000,sf_shift_ro,57.64,649.47,78.2
standard_benchmark,Metric3DV2-vit_large,10,calib,80.32,225.64,81.13
standard_benchmark,Metric3DV2-vit_large,10,calib_ro,68.84,225.64,69.26
standard_benchmark,Metric3DV2-vit_large,10,calib_shift,79.88,225.64,80.0
standard_benchmark,Metric3DV2-vit_large,10,calib_shift_ro,72.94,225.64,71.86
standard_benchmark,Metric3DV2-vit_large,10,sf,69.24,225.64,78.6
standard_benchmark,Metric3DV2-vit_large,10,sf_ro,59.8,225.64,80.25
standard_benchmark,Metric3DV2-vit_large,10,sf_shift,36.23,225.64,38.42
standard_benchmark,Metric3DV2-vit_large,10,sf_shift_ro,40.25,225.64,56.33
standard_benchmark,Metric3DV2-vit_large,100,calib,83.99,225.64,83.4
standard_benchmark,Metric3DV2-vit_large,100,calib_ro,69.33,225.64,69.69
standard_benchmark,Metric3DV2-vit_large,100,calib_shift,84.91,225.64,83.4
standard_benchmark,Metric3DV2-vit_large,100,calib_shift_ro,74.77,225.64,73.23
standard_benchmark,Metric3DV2-vit_large,100,sf,73.61,225.64,82.67
standard_benchmark,Metric3DV2-vit_large,100,sf_ro,60.87,225.64,81.28
standard_benchmark,Metric3DV2-vit_large,100,sf_shift,56.87,225.64,64.37
standard_benchmark,Metric3DV2-vit_large,100,sf_shift_ro,51.88,225.64,72.48
standard_benchmark,Metric3DV2-vit_large,500,calib,84.96,225.64,83.87
standard_benchmark,Metric3DV2-vit_large,500,calib_ro,69.41,225.64,69.72
standard_benchmark,Metric3DV2-vit_large,500,calib_shift,86.35,225.64,83.96
standard_benchmark,Metric3DV2-vit_large,500,calib_shift_ro,74.93,225.64,73.37
standard_benchmark,Metric3DV2-vit_large,500,sf,75.05,225.64,83.37
standard_benchmark,Metric3DV2-vit_large,500,sf_ro,60.9,225.64,81.39
standard_benchmark,Metric3DV2-vit_large,500,sf_shift,65.06,225.64,74.19
standard_benchmark,Metric3DV2-vit_large,500,sf_shift_ro,55.77,225.64,76.72
standard_benchmark,Metric3DV2-vit_large,1000,calib,85.2,225.64,83.97
standard_benchmark,Metric3DV2-vit_large,1000,calib_ro,69.44,225.64,69.72
standard_benchmark,Metric3DV2-vit_large,1000,calib_shift,86.8,225.64,84.08
standard_benchmark,Metric3DV2-vit_large,1000,calib_shift_ro,74.97,225.64,73.39
standard_benchmark,Metric3DV2-vit_large,1000,sf,75.5,225.64,83.54
standard_benchmark,Metric3DV2-vit_large,1000,sf_ro,60.91,225.64,81.4
standard_benchmark,Metric3DV2-vit_large,1000,sf_shift,67.28,225.64,76.78
standard_benchmark,Metric3DV2-vit_large,1000,sf_shift_ro,56.89,225.64,77.87
standard_benchmark,Metric3DV2-vit_small,10,calib,80.2,51.91,79.94
standard_benchmark,Metric3DV2-vit_small,10,calib_ro,66.47,51.91,63.93
standard_benchmark,Metric3DV2-vit_small,10,calib_shift,77.76,51.91,78.4
standard_benchmark,Metric3DV2-vit_small,10,calib_shift_ro,66.79,51.91,66.24
standard_benchmark,Metric3DV2-vit_small,10,sf,68.53,51.91,76.4
standard_benchmark,Metric3DV2-vit_small,10,sf_ro,55.39,51.91,75.58
standard_benchmark,Metric3DV2-vit_small,10,sf_shift,34.58,51.91,37.58
standard_benchmark,Metric3DV2-vit_small,10,sf_shift_ro,34.18,51.91,54.0
standard_benchmark,Metric3DV2-vit_small,100,calib,84.42,51.91,83.14
standard_benchmark,Metric3DV2-vit_small,100,calib_ro,67.42,51.91,64.46
standard_benchmark,Metric3DV2-vit_small,100,calib_shift,83.96,51.91,83.08
standard_benchmark,Metric3DV2-vit_small,100,calib_shift_ro,69.55,51.91,68.2
standard_benchmark,Metric3DV2-vit_small,100,sf,73.91,51.91,82.05
standard_benchmark,Metric3DV2-vit_small,100,sf_ro,56.88,51.91,77.18
standard_benchmark,Metric3DV2-vit_small,100,sf_shift,55.16,51.91,63.58
standard_benchmark,Metric3DV2-vit_small,100,sf_shift_ro,44.62,51.91,69.16
standard_benchmark,Metric3DV2-vit_small,500,calib,85.69,51.91,83.78
standard_benchmark,Metric3DV2-vit_small,500,calib_ro,67.63,51.91,64.49
standard_benchmark,Metric3DV2-vit_small,500,calib_shift,85.78,51.91,83.83
standard_benchmark,Metric3DV2-vit_small,500,calib_shift_ro,69.96,51.91,68.44
standard_benchmark,Metric3DV2-vit_small,500,sf,75.72,51.91,83.13
standard_benchmark,Metric3DV2-vit_small,500,sf_ro,57.1,51.91,77.37
standard_benchmark,Metric3DV2-vit_small,500,sf_shift,63.7,51.91,73.56
standard_benchmark,Metric3DV2-vit_small,500,sf_shift_ro,48.18,51.91,73.0
standard_benchmark,Metric3DV2-vit_small,1000,calib,86.0,51.91,83.9
standard_benchmark,Metric3DV2-vit_small,1000,calib_ro,67.66,51.91,64.48
standard_benchmark,Metric3DV2-vit_small,1000,calib_shift,86.29,51.91,84.0
standard_benchmark,Metric3DV2-vit_small,1000,calib_shift_ro,70.05,51.91,68.46
standard_benchmark,Metric3DV2-vit_small,1000,sf,76.35,51.91,83.42
standard_benchmark,Metric3DV2-vit_small,1000,sf_ro,57.11,51.91,77.42
standard_benchmark,Metric3DV2-vit_small,1000,sf_shift,66.37,51.91,76.34
standard_benchmark,Metric3DV2-vit_small,1000,sf_shift_ro,49.32,51.91,74.06
standard_benchmark,Metric3DV2Calib-vit_giant2,10,calib,82.05,648.66,81.3
standard_benchmark,Metric3DV2Calib-vit_giant2,10,calib_ro,71.35,648.66,69.53
standard_benchmark,Metric3DV2Calib-vit_giant2,10,calib_shift,80.19,648.66,80.05
standard_benchmark,Metric3DV2Calib-vit_giant2,10,calib_shift_ro,74.03,648.66,72.16
standard_benchmark,Metric3DV2Calib-vit_giant2,100,calib,85.61,648.66,83.47
standard_benchmark,Metric3DV2Calib-vit_giant2,100,calib_ro,72.01,648.66,69.83
standard_benchmark,Metric3DV2Calib-vit_giant2,100,calib_shift,85.24,648.66,83.38
standard_benchmark,Metric3DV2Calib-vit_giant2,100,calib_shift_ro,75.76,648.66,73.45
standard_benchmark,Metric3DV2Calib-vit_giant2,500,calib,86.37,648.66,83.86
standard_benchmark,Metric3DV2Calib-vit_giant2,500,calib_ro,72.12,648.66,69.85
standard_benchmark,Metric3DV2Calib-vit_giant2,500,calib_shift,86.81,648.66,83.98
standard_benchmark,Metric3DV2Calib-vit_giant2,500,calib_shift_ro,75.9,648.66,73.6
standard_benchmark,Metric3DV2Calib-vit_giant2,1000,calib,86.62,648.66,83.96
standard_benchmark,Metric3DV2Calib-vit_giant2,1000,calib_ro,72.13,648.66,69.85
standard_benchmark,Metric3DV2Calib-vit_giant2,1000,calib_shift,87.2,648.66,84.08
standard_benchmark,Metric3DV2Calib-vit_giant2,1000,calib_shift_ro,75.94,648.66,73.62
standard_benchmark,Metric3DV2Calib-vit_large,10,calib,80.31,228.81,81.11
standard_benchmark,Metric3DV2Calib-vit_large,10,calib_ro,68.85,228.81,69.26
standard_benchmark,Metric3DV2Calib-vit_large,10,calib_shift,79.89,228.81,80.05
standard_benchmark,Metric3DV2Calib-vit_large,10,calib_shift_ro,72.95,228.81,71.84
standard_benchmark,Metric3DV2Calib-vit_large,100,calib,84.0,228.81,83.4
standard_benchmark,Metric3DV2Calib-vit_large,100,calib_ro,69.34,228.81,69.69
standard_benchmark,Metric3DV2Calib-vit_large,100,calib_shift,84.91,228.81,83.42
standard_benchmark,Metric3DV2Calib-vit_large,100,calib_shift_ro,74.78,228.81,73.23
standard_benchmark,Metric3DV2Calib-vit_large,500,calib,84.96,228.81,83.87
standard_benchmark,Metric3DV2Calib-vit_large,500,calib_ro,69.4,228.81,69.72
standard_benchmark,Metric3DV2Calib-vit_large,500,calib_shift,86.38,228.81,83.96
standard_benchmark,Metric3DV2Calib-vit_large,500,calib_shift_ro,74.94,228.81,73.37
standard_benchmark,Metric3DV2Calib-vit_large,1000,calib,85.21,228.81,83.96
standard_benchmark,Metric3DV2Calib-vit_large,1000,calib_ro,69.42,228.81,69.72
standard_benchmark,Metric3DV2Calib-vit_large,1000,calib_shift,86.86,228.81,84.08
standard_benchmark,Metric3DV2Calib-vit_large,1000,calib_shift_ro,74.97,228.81,73.38
standard_benchmark,Metric3DV2Calib-vit_small,10,calib,80.19,49.57,79.92
standard_benchmark,Metric3DV2Calib-vit_small,10,calib_ro,66.47,49.57,63.94
standard_benchmark,Metric3DV2Calib-vit_small,10,calib_shift,77.8,49.57,78.4
standard_benchmark,Metric3DV2Calib-vit_small,10,calib_shift_ro,66.78,49.57,66.22
standard_benchmark,Metric3DV2Calib-vit_small,100,calib,84.48,49.57,83.14
standard_benchmark,Metric3DV2Calib-vit_small,100,calib_ro,67.41,49.57,64.46
standard_benchmark,Metric3DV2Calib-vit_small,100,calib_shift,83.93,49.57,83.09
standard_benchmark,Metric3DV2Calib-vit_small,100,calib_shift_ro,69.58,49.57,68.2
standard_benchmark,Metric3DV2Calib-vit_small,500,calib,85.72,49.57,83.78
standard_benchmark,Metric3DV2Calib-vit_small,500,calib_ro,67.62,49.57,64.48
standard_benchmark,Metric3DV2Calib-vit_small,500,calib_shift,85.76,49.57,83.84
standard_benchmark,Metric3DV2Calib-vit_small,500,calib_shift_ro,70.0,49.57,68.43
standard_benchmark,Metric3DV2Calib-vit_small,1000,calib,86.06,49.57,83.91
standard_benchmark,Metric3DV2Calib-vit_small,1000,calib_ro,67.66,49.57,64.48
standard_benchmark,Metric3DV2Calib-vit_small,1000,calib_shift,86.24,49.57,84.0
standard_benchmark,Metric3DV2Calib-vit_small,1000,calib_shift_ro,70.08,49.57,68.45
standard_benchmark,MoGeV1-moge-vitl,10,calib,82.1,90.45,82.14
standard_benchmark,MoGeV1-moge-vitl,10,calib_ro,74.12,90.45,76.17
standard_benchmark,MoGeV1-moge-vitl,10,calib_shift,81.12,90.45,81.53
standard_benchmark,MoGeV1-moge-vitl,10,calib_shift_ro,76.3,90.45,78.4
standard_benchmark,MoGeV1-moge-vitl,10,mdecalib,55.64,90.45,71.6
standard_benchmark,MoGeV1-moge-vitl,10,mdecalib_ro,52.73,90.45,72.63
standard_benchmark,MoGeV1-moge-vitl,10,mdecalib_shift,55.83,90.45,72.26
standard_benchmark,MoGeV1-moge-vitl,10,mdecalib_shift_ro,54.71,90.45,76.26
standard_benchmark,MoGeV1-moge-vitl,10,sf,72.85,90.45,80.22
standard_benchmark,MoGeV1-moge-vitl,10,sf_ro,65.86,90.45,85.14
standard_benchmark,MoGeV1-moge-vitl,10,sf_shift,37.85,90.45,40.12
standard_benchmark,MoGeV1-moge-vitl,10,sf_shift_ro,44.92,90.45,60.04
standard_benchmark,MoGeV1-moge-vitl,100,calib,85.19,90.45,83.83
standard_benchmark,MoGeV1-moge-vitl,100,calib_ro,74.49,90.45,76.47
standard_benchmark,MoGeV1-moge-vitl,100,calib_shift,85.33,90.45,83.97
standard_benchmark,MoGeV1-moge-vitl,100,calib_shift_ro,77.18,90.45,79.41
standard_benchmark,MoGeV1-moge-vitl,100,mdecalib,57.86,90.45,74.1
standard_benchmark,MoGeV1-moge-vitl,100,mdecalib_ro,53.0,90.45,73.01
standard_benchmark,MoGeV1-moge-vitl,100,mdecalib_shift,58.59,90.45,75.17
standard_benchmark,MoGeV1-moge-vitl,100,mdecalib_shift_ro,55.44,90.45,77.34
standard_benchmark,MoGeV1-moge-vitl,100,sf,76.54,90.45,83.28
standard_benchmark,MoGeV1-moge-vitl,100,sf_ro,66.42,90.45,85.82
standard_benchmark,MoGeV1-moge-vitl,100,sf_shift,58.76,90.45,66.26
standard_benchmark,MoGeV1-moge-vitl,100,sf_shift_ro,57.41,90.45,76.92
standard_benchmark,MoGeV1-moge-vitl,500,calib,85.98,90.45,84.18
standard_benchmark,MoGeV1-moge-vitl,500,calib_ro,74.54,90.45,76.47
standard_benchmark,MoGeV1-moge-vitl,500,calib_shift,86.75,90.45,84.35
standard_benchmark,MoGeV1-moge-vitl,500,calib_shift_ro,77.33,90.45,79.5
standard_benchmark,MoGeV1-moge-vitl,500,mdecalib,58.41,90.45,75.0
standard_benchmark,MoGeV1-moge-vitl,500,mdecalib_ro,53.03,90.45,73.04
standard_benchmark,MoGeV1-moge-vitl,500,mdecalib_shift,59.43,90.45,75.85
standard_benchmark,MoGeV1-moge-vitl,500,mdecalib_shift_ro,55.54,90.45,77.42
standard_benchmark,MoGeV1-moge-vitl,500,sf,77.61,90.45,83.84
standard_benchmark,MoGeV1-moge-vitl,500,sf_ro,66.41,90.45,85.9
standard_benchmark,MoGeV1-moge-vitl,500,sf_shift,66.24,90.45,75.49
standard_benchmark,MoGeV1-moge-vitl,500,sf_shift_ro,61.32,90.45,81.24
standard_benchmark,MoGeV1-moge-vitl,1000,calib,86.17,90.45,84.26
standard_benchmark,MoGeV1-moge-vitl,1000,calib_ro,74.55,90.45,76.47
standard_benchmark,MoGeV1-moge-vitl,1000,calib_shift,87.02,90.45,84.42
standard_benchmark,MoGeV1-moge-vitl,1000,calib_shift_ro,77.36,90.45,79.51
standard_benchmark,MoGeV1-moge-vitl,1000,mdecalib,58.56,90.45,75.29
standard_benchmark,MoGeV1-moge-vitl,1000,mdecalib_ro,53.03,90.45,73.04
standard_benchmark,MoGeV1-moge-vitl,1000,mdecalib_shift,59.63,90.45,76.02
standard_benchmark,MoGeV1-moge-vitl,1000,mdecalib_shift_ro,55.55,90.45,77.42
standard_benchmark,MoGeV1-moge-vitl,1000,sf,77.91,90.45,83.96
standard_benchmark,MoGeV1-moge-vitl,1000,sf_ro,66.4,90.45,85.91
standard_benchmark,MoGeV1-moge-vitl,1000,sf_shift,67.99,90.45,77.9
standard_benchmark,MoGeV1-moge-vitl,1000,sf_shift_ro,62.28,90.45,82.41
standard_benchmark,MoGeV1Calib-moge-vitl,10,calib,82.0,88.31,82.24
standard_benchmark,MoGeV1Calib-moge-vitl,10,calib_ro,75.08,88.31,75.96
standard_benchmark,MoGeV1Calib-moge-vitl,10,calib_shift,81.1,88.31,81.53
standard_benchmark,MoGeV1Calib-moge-vitl,10,calib_shift_ro,76.31,88.31,78.38
standard_benchmark,MoGeV1Calib-moge-vitl,100,calib,85.22,88.31,83.9
standard_benchmark,MoGeV1Calib-moge-vitl,100,calib_ro,75.61,88.31,76.26
standard_benchmark,MoGeV1Calib-moge-vitl,100,calib_shift,85.4,88.31,83.96
standard_benchmark,MoGeV1Calib-moge-vitl,100,calib_shift_ro,77.21,88.31,79.41
standard_benchmark,MoGeV1Calib-moge-vitl,500,calib,86.1,88.31,84.21
standard_benchmark,MoGeV1Calib-moge-vitl,500,calib_ro,75.64,88.31,76.26
standard_benchmark,MoGeV1Calib-moge-vitl,500,calib_shift,86.78,88.31,84.34
standard_benchmark,MoGeV1Calib-moge-vitl,500,calib_shift_ro,77.32,88.31,79.5
standard_benchmark,MoGeV1Calib-moge-vitl,1000,calib,86.3,88.31,84.29
standard_benchmark,MoGeV1Calib-moge-vitl,1000,calib_ro,75.66,88.31,76.26
standard_benchmark,MoGeV1Calib-moge-vitl,1000,calib_shift,87.08,88.31,84.42
standard_benchmark,MoGeV1Calib-moge-vitl,1000,calib_shift_ro,77.36,88.31,79.51
standard_benchmark,MoGeV2-moge-2-vitl,10,calib,82.62,66.99,82.25
standard_benchmark,MoGeV2-moge-2-vitl,10,calib_ro,75.64,66.99,76.29
standard_benchmark,MoGeV2-moge-2-vitl,10,calib_shift,81.61,66.99,81.42
standard_benchmark,MoGeV2-moge-2-vitl,10,calib_shift_ro,77.54,66.99,78.33
standard_benchmark,MoGeV2-moge-2-vitl,10,mdecalib,57.83,66.99,73.15
standard_benchmark,MoGeV2-moge-2-vitl,10,mdecalib_ro,54.58,66.99,72.88
standard_benchmark,MoGeV2-moge-2-vitl,10,mdecalib_shift,58.63,66.99,73.74
standard_benchmark,MoGeV2-moge-2-vitl,10,mdecalib_shift_ro,57.48,66.99,76.64
standard_benchmark,MoGeV2-moge-2-vitl,10,sf,73.1,66.99,80.37
standard_benchmark,MoGeV2-moge-2-vitl,10,sf_ro,66.73,66.99,85.28
standard_benchmark,MoGeV2-moge-2-vitl,10,sf_shift,37.79,66.99,39.4
standard_benchmark,MoGeV2-moge-2-vitl,10,sf_shift_ro,45.52,66.99,59.36
standard_benchmark,MoGeV2-moge-2-vitl,100,calib,85.61,66.99,83.86
standard_benchmark,MoGeV2-moge-2-vitl,100,calib_ro,76.06,66.99,76.58
standard_benchmark,MoGeV2-moge-2-vitl,100,calib_shift,86.13,66.99,83.92
standard_benchmark,MoGeV2-moge-2-vitl,100,calib_shift_ro,78.65,66.99,79.37
standard_benchmark,MoGeV2-moge-2-vitl,100,mdecalib,59.86,66.99,75.47
standard_benchmark,MoGeV2-moge-2-vitl,100,mdecalib_ro,54.92,66.99,73.27
standard_benchmark,MoGeV2-moge-2-vitl,100,mdecalib_shift,61.33,66.99,76.54
standard_benchmark,MoGeV2-moge-2-vitl,100,mdecalib_shift_ro,58.24,66.99,77.76
standard_benchmark,MoGeV2-moge-2-vitl,100,sf,76.6,66.99,83.36
standard_benchmark,MoGeV2-moge-2-vitl,100,sf_ro,67.46,66.99,86.01
standard_benchmark,MoGeV2-moge-2-vitl,100,sf_shift,59.24,66.99,65.62
standard_benchmark,MoGeV2-moge-2-vitl,100,sf_shift_ro,57.88,66.99,76.21
standard_benchmark,MoGeV2-moge-2-vitl,500,calib,86.32,66.99,84.18
standard_benchmark,MoGeV2-moge-2-vitl,500,calib_ro,76.1,66.99,76.59
standard_benchmark,MoGeV2-moge-2-vitl,500,calib_shift,87.42,66.99,84.32
standard_benchmark,MoGeV2-moge-2-vitl,500,calib_shift_ro,78.72,66.99,79.46
standard_benchmark,MoGeV2-moge-2-vitl,500,mdecalib,60.36,66.99,76.25
standard_benchmark,MoGeV2-moge-2-vitl,500,mdecalib_ro,54.98,66.99,73.29
standard_benchmark,MoGeV2-moge-2-vitl,500,mdecalib_shift,62.11,66.99,77.07
standard_benchmark,MoGeV2-moge-2-vitl,500,mdecalib_shift_ro,58.33,66.99,77.86
standard_benchmark,MoGeV2-moge-2-vitl,500,sf,77.7,66.99,83.87
standard_benchmark,MoGeV2-moge-2-vitl,500,sf_ro,67.47,66.99,86.08
standard_benchmark,MoGeV2-moge-2-vitl,500,sf_shift,67.6,66.99,75.29
standard_benchmark,MoGeV2-moge-2-vitl,500,sf_shift_ro,61.99,66.99,80.72
standard_benchmark,MoGeV2-moge-2-vitl,1000,calib,86.52,66.99,84.26
standard_benchmark,MoGeV2-moge-2-vitl,1000,calib_ro,76.12,66.99,76.59
standard_benchmark,MoGeV2-moge-2-vitl,1000,calib_shift,87.7,66.99,84.4
standard_benchmark,MoGeV2-moge-2-vitl,1000,calib_shift_ro,78.75,66.99,79.48
standard_benchmark,MoGeV2-moge-2-vitl,1000,mdecalib,60.61,66.99,76.5
standard_benchmark,MoGeV2-moge-2-vitl,1000,mdecalib_ro,54.99,66.99,73.29
standard_benchmark,MoGeV2-moge-2-vitl,1000,mdecalib_shift,62.32,66.99,77.2
standard_benchmark,MoGeV2-moge-2-vitl,1000,mdecalib_shift_ro,58.36,66.99,77.87
standard_benchmark,MoGeV2-moge-2-vitl,1000,sf,78.0,66.99,84.0
standard_benchmark,MoGeV2-moge-2-vitl,1000,sf_ro,67.48,66.99,86.1
standard_benchmark,MoGeV2-moge-2-vitl,1000,sf_shift,69.84,66.99,77.87
standard_benchmark,MoGeV2-moge-2-vitl,1000,sf_shift_ro,63.1,66.99,81.96
standard_benchmark,MoGeV2Calib-moge-2-vitl,10,calib,82.95,65.76,82.37
standard_benchmark,MoGeV2Calib-moge-2-vitl,10,calib_ro,76.88,65.76,76.14
standard_benchmark,MoGeV2Calib-moge-2-vitl,10,calib_shift,81.58,65.76,81.4
standard_benchmark,MoGeV2Calib-moge-2-vitl,10,calib_shift_ro,77.54,65.76,78.33
standard_benchmark,MoGeV2Calib-moge-2-vitl,100,calib,86.0,65.76,83.94
standard_benchmark,MoGeV2Calib-moge-2-vitl,100,calib_ro,77.34,65.76,76.43
standard_benchmark,MoGeV2Calib-moge-2-vitl,100,calib_shift,86.16,65.76,83.92
standard_benchmark,MoGeV2Calib-moge-2-vitl,100,calib_shift_ro,78.65,65.76,79.37
standard_benchmark,MoGeV2Calib-moge-2-vitl,500,calib,86.73,65.76,84.22
standard_benchmark,MoGeV2Calib-moge-2-vitl,500,calib_ro,77.38,65.76,76.45
standard_benchmark,MoGeV2Calib-moge-2-vitl,500,calib_shift,87.44,65.76,84.32
standard_benchmark,MoGeV2Calib-moge-2-vitl,500,calib_shift_ro,78.71,65.76,79.46
standard_benchmark,MoGeV2Calib-moge-2-vitl,1000,calib,86.89,65.76,84.3
standard_benchmark,MoGeV2Calib-moge-2-vitl,1000,calib_ro,77.39,65.76,76.45
standard_benchmark,MoGeV2Calib-moge-2-vitl,1000,calib_shift,87.71,65.76,84.4
standard_benchmark,MoGeV2Calib-moge-2-vitl,1000,calib_shift_ro,78.73,65.76,79.48
standard_benchmark,Pi3-Pi3X,10,calib,82.06,120.3,81.85
standard_benchmark,Pi3-Pi3X,10,calib_ro,75.44,120.3,76.0
standard_benchmark,Pi3-Pi3X,10,calib_shift,80.41,120.3,80.76
standard_benchmark,Pi3-Pi3X,10,calib_shift_ro,77.72,120.3,78.2
standard_benchmark,Pi3-Pi3X,10,mdecalib,54.0,120.3,71.26
standard_benchmark,Pi3-Pi3X,10,mdecalib_ro,50.59,120.3,72.47
standard_benchmark,Pi3-Pi3X,10,mdecalib_shift,53.7,120.3,71.56
standard_benchmark,Pi3-Pi3X,10,mdecalib_shift_ro,53.46,120.3,76.12
standard_benchmark,Pi3-Pi3X,10,sf,72.36,120.3,79.66
standard_benchmark,Pi3-Pi3X,10,sf_ro,67.35,120.3,84.83
standard_benchmark,Pi3-Pi3X,10,sf_shift,37.54,120.3,39.21
standard_benchmark,Pi3-Pi3X,10,sf_shift_ro,45.3,120.3,58.64
standard_benchmark,Pi3-Pi3X,100,calib,85.57,120.3,83.63
standard_benchmark,Pi3-Pi3X,100,calib_ro,75.81,120.3,76.3
standard_benchmark,Pi3-Pi3X,100,calib_shift,85.33,120.3,83.54
standard_benchmark,Pi3-Pi3X,100,calib_shift_ro,78.93,120.3,79.3
standard_benchmark,Pi3-Pi3X,100,mdecalib,56.44,120.3,73.98
standard_benchmark,Pi3-Pi3X,100,mdecalib_ro,50.88,120.3,72.81
standard_benchmark,Pi3-Pi3X,100,mdecalib_shift,56.82,120.3,74.81
standard_benchmark,Pi3-Pi3X,100,mdecalib_shift_ro,54.28,120.3,77.29
standard_benchmark,Pi3-Pi3X,100,sf,76.69,120.3,83.0
standard_benchmark,Pi3-Pi3X,100,sf_ro,68.02,120.3,85.66
standard_benchmark,Pi3-Pi3X,100,sf_shift,58.7,120.3,65.13
standard_benchmark,Pi3-Pi3X,100,sf_shift_ro,58.07,120.3,75.89
standard_benchmark,Pi3-Pi3X,500,calib,86.37,120.3,83.94
standard_benchmark,Pi3-Pi3X,500,calib_ro,75.88,120.3,76.32
standard_benchmark,Pi3-Pi3X,500,calib_shift,86.83,120.3,84.03
standard_benchmark,Pi3-Pi3X,500,calib_shift_ro,79.08,120.3,79.37
standard_benchmark,Pi3-Pi3X,500,mdecalib,56.98,120.3,74.82
standard_benchmark,Pi3-Pi3X,500,mdecalib_ro,50.9,120.3,72.82
standard_benchmark,Pi3-Pi3X,500,mdecalib_shift,57.54,120.3,75.53
standard_benchmark,Pi3-Pi3X,500,mdecalib_shift_ro,54.38,120.3,77.39
standard_benchmark,Pi3-Pi3X,500,sf,78.04,120.3,83.6
standard_benchmark,Pi3-Pi3X,500,sf_ro,68.06,120.3,85.74
standard_benchmark,Pi3-Pi3X,500,sf_shift,66.96,120.3,74.76
standard_benchmark,Pi3-Pi3X,500,sf_shift_ro,61.95,120.3,80.43
standard_benchmark,Pi3-Pi3X,1000,calib,86.55,120.3,84.01
standard_benchmark,Pi3-Pi3X,1000,calib_ro,75.91,120.3,76.32
standard_benchmark,Pi3-Pi3X,1000,calib_shift,87.2,120.3,84.12
standard_benchmark,Pi3-Pi3X,1000,calib_shift_ro,79.08,120.3,79.38
standard_benchmark,Pi3-Pi3X,1000,mdecalib,57.18,120.3,75.12
standard_benchmark,Pi3-Pi3X,1000,mdecalib_ro,50.94,120.3,72.83
standard_benchmark,Pi3-Pi3X,1000,mdecalib_shift,57.81,120.3,75.7
standard_benchmark,Pi3-Pi3X,1000,mdecalib_shift_ro,54.4,120.3,77.4
standard_benchmark,Pi3-Pi3X,1000,sf,78.4,120.3,83.74
standard_benchmark,Pi3-Pi3X,1000,sf_ro,68.07,120.3,85.75
standard_benchmark,Pi3-Pi3X,1000,sf_shift,69.01,120.3,77.25
standard_benchmark,Pi3-Pi3X,1000,sf_shift_ro,62.98,120.3,81.71
standard_benchmark,Pi3Calib-Pi3X,10,calib,82.13,123.08,81.96
standard_benchmark,Pi3Calib-Pi3X,10,calib_ro,75.69,123.08,76.36
standard_benchmark,Pi3Calib-Pi3X,10,calib_shift,80.5,123.08,80.79
standard_benchmark,Pi3Calib-Pi3X,10,calib_shift_ro,77.4,123.08,78.4
standard_benchmark,Pi3Calib-Pi3X,100,calib,85.59,123.08,83.66
standard_benchmark,Pi3Calib-Pi3X,100,calib_ro,76.05,123.08,76.64
standard_benchmark,Pi3Calib-Pi3X,100,calib_shift,85.24,123.08,83.56
standard_benchmark,Pi3Calib-Pi3X,100,calib_shift_ro,78.66,123.08,79.42
standard_benchmark,Pi3Calib-Pi3X,500,calib,86.38,123.08,83.94
standard_benchmark,Pi3Calib-Pi3X,500,calib_ro,76.16,123.08,76.65
standard_benchmark,Pi3Calib-Pi3X,500,calib_shift,86.77,123.08,84.04
standard_benchmark,Pi3Calib-Pi3X,500,calib_shift_ro,78.74,123.08,79.51
standard_benchmark,Pi3Calib-Pi3X,1000,calib,86.61,123.08,84.02
standard_benchmark,Pi3Calib-Pi3X,1000,calib_ro,76.18,123.08,76.64
standard_benchmark,Pi3Calib-Pi3X,1000,calib_shift,87.16,123.08,84.12
standard_benchmark,Pi3Calib-Pi3X,1000,calib_shift_ro,78.76,123.08,79.54
standard_benchmark,UniDepth1-cnvnxtl,10,calib,80.08,74.5,80.19
standard_benchmark,UniDepth1-cnvnxtl,10,calib_ro,63.61,74.5,61.54
standard_benchmark,UniDepth1-cnvnxtl,10,calib_shift,77.42,74.5,77.86
standard_benchmark,UniDepth1-cnvnxtl,10,calib_shift_ro,62.75,74.5,63.96
standard_benchmark,UniDepth1-cnvnxtl,10,mdecalib,23.16,74.5,50.18
standard_benchmark,UniDepth1-cnvnxtl,10,mdecalib_ro,20.14,74.5,50.63
standard_benchmark,UniDepth1-cnvnxtl,10,mdecalib_shift,22.43,74.5,48.45
standard_benchmark,UniDepth1-cnvnxtl,10,mdecalib_shift_ro,19.34,74.5,53.58
standard_benchmark,UniDepth1-cnvnxtl,10,sf,66.54,74.5,75.87
standard_benchmark,UniDepth1-cnvnxtl,10,sf_ro,49.52,74.5,73.52
standard_benchmark,UniDepth1-cnvnxtl,10,sf_shift,33.94,74.5,37.38
standard_benchmark,UniDepth1-cnvnxtl,10,sf_shift_ro,31.69,74.5,53.11
standard_benchmark,UniDepth1-cnvnxtl,100,calib,84.46,74.5,83.3
standard_benchmark,UniDepth1-cnvnxtl,100,calib_ro,64.62,74.5,62.06
standard_benchmark,UniDepth1-cnvnxtl,100,calib_shift,83.16,74.5,82.9
standard_benchmark,UniDepth1-cnvnxtl,100,calib_shift_ro,65.37,74.5,66.08
standard_benchmark,UniDepth1-cnvnxtl,100,mdecalib,23.54,74.5,56.6
standard_benchmark,UniDepth1-cnvnxtl,100,mdecalib_ro,20.28,74.5,51.47
standard_benchmark,UniDepth1-cnvnxtl,100,mdecalib_shift,23.18,74.5,56.68
standard_benchmark,UniDepth1-cnvnxtl,100,mdecalib_shift_ro,20.01,74.5,56.68
standard_benchmark,UniDepth1-cnvnxtl,100,sf,72.04,74.5,82.0
standard_benchmark,UniDepth1-cnvnxtl,100,sf_ro,50.66,74.5,75.32
standard_benchmark,UniDepth1-cnvnxtl,100,sf_shift,54.47,74.5,63.65
standard_benchmark,UniDepth1-cnvnxtl,100,sf_shift_ro,40.89,74.5,68.46
standard_benchmark,UniDepth1-cnvnxtl,500,calib,85.42,74.5,83.82
standard_benchmark,UniDepth1-cnvnxtl,500,calib_ro,64.79,74.5,62.11
standard_benchmark,UniDepth1-cnvnxtl,500,calib_shift,84.67,74.5,83.7
standard_benchmark,UniDepth1-cnvnxtl,500,calib_shift_ro,65.82,74.5,66.29
standard_benchmark,UniDepth1-cnvnxtl,500,mdecalib,23.38,74.5,59.64
standard_benchmark,UniDepth1-cnvnxtl,500,mdecalib_ro,20.33,74.5,51.56
standard_benchmark,UniDepth1-cnvnxtl,500,mdecalib_shift,23.15,74.5,59.77
standard_benchmark,UniDepth1-cnvnxtl,500,mdecalib_shift_ro,20.13,74.5,57.11
standard_benchmark,UniDepth1-cnvnxtl,500,sf,73.77,74.5,83.16
standard_benchmark,UniDepth1-cnvnxtl,500,sf_ro,50.83,74.5,75.56
standard_benchmark,UniDepth1-cnvnxtl,500,sf_shift,63.0,74.5,73.68
standard_benchmark,UniDepth1-cnvnxtl,500,sf_shift_ro,44.06,74.5,72.16
standard_benchmark,UniDepth1-cnvnxtl,1000,calib,85.7,74.5,83.94
standard_benchmark,UniDepth1-cnvnxtl,1000,calib_ro,64.89,74.5,62.1
standard_benchmark,UniDepth1-cnvnxtl,1000,calib_shift,85.36,74.5,83.88
standard_benchmark,UniDepth1-cnvnxtl,1000,calib_shift_ro,65.92,74.5,66.32
standard_benchmark,UniDepth1-cnvnxtl,1000,mdecalib,23.32,74.5,60.66
standard_benchmark,UniDepth1-cnvnxtl,1000,mdecalib_ro,20.38,74.5,51.56
standard_benchmark,UniDepth1-cnvnxtl,1000,mdecalib_shift,23.05,74.5,60.68
standard_benchmark,UniDepth1-cnvnxtl,1000,mdecalib_shift_ro,20.13,74.5,57.18
standard_benchmark,UniDepth1-cnvnxtl,1000,sf,74.23,74.5,83.41
standard_benchmark,UniDepth1-cnvnxtl,1000,sf_ro,50.78,74.5,75.61
standard_benchmark,UniDepth1-cnvnxtl,1000,sf_shift,65.24,74.5,76.38
standard_benchmark,UniDepth1-cnvnxtl,1000,sf_shift_ro,45.04,74.5,73.12
standard_benchmark,UniDepth1-vitl14,10,calib,80.15,123.94,80.49
standard_benchmark,UniDepth1-vitl14,10,calib_ro,66.13,123.94,65.28
standard_benchmark,UniDepth1-vitl14,10,calib_shift,79.12,123.94,79.16
standard_benchmark,UniDepth1-vitl14,10,calib_shift_ro,68.32,123.94,67.58
standard_benchmark,UniDepth1-vitl14,10,mdecalib,21.45,123.94,49.67
standard_benchmark,UniDepth1-vitl14,10,mdecalib_ro,19.03,123.94,51.69
standard_benchmark,UniDepth1-vitl14,10,mdecalib_shift,21.29,123.94,49.28
standard_benchmark,UniDepth1-vitl14,10,mdecalib_shift_ro,20.63,123.94,55.55
standard_benchmark,UniDepth1-vitl14,10,sf,67.82,123.94,77.34
standard_benchmark,UniDepth1-vitl14,10,sf_ro,53.24,123.94,77.06
standard_benchmark,UniDepth1-vitl14,10,sf_shift,34.8,123.94,37.98
standard_benchmark,UniDepth1-vitl14,10,sf_shift_ro,35.61,123.94,55.14
standard_benchmark,UniDepth1-vitl14,100,calib,84.2,123.94,83.29
standard_benchmark,UniDepth1-vitl14,100,calib_ro,66.78,123.94,65.77
standard_benchmark,UniDepth1-vitl14,100,calib_shift,84.55,123.94,83.19
standard_benchmark,UniDepth1-vitl14,100,calib_shift_ro,70.38,123.94,69.18
standard_benchmark,UniDepth1-vitl14,100,mdecalib,22.09,123.94,56.31
standard_benchmark,UniDepth1-vitl14,100,mdecalib_ro,19.05,123.94,52.54
standard_benchmark,UniDepth1-vitl14,100,mdecalib_shift,22.2,123.94,57.16
standard_benchmark,UniDepth1-vitl14,100,mdecalib_shift_ro,21.18,123.94,58.12
standard_benchmark,UniDepth1-vitl14,100,sf,73.0,123.94,82.37
standard_benchmark,UniDepth1-vitl14,100,sf_ro,54.16,123.94,78.31
standard_benchmark,UniDepth1-vitl14,100,sf_shift,55.46,123.94,64.34
standard_benchmark,UniDepth1-vitl14,100,sf_shift_ro,46.06,123.94,70.92
standard_benchmark,UniDepth1-vitl14,500,calib,85.17,123.94,83.78
standard_benchmark,UniDepth1-vitl14,500,calib_ro,66.89,123.94,65.81
standard_benchmark,UniDepth1-vitl14,500,calib_shift,85.93,123.94,83.81
standard_benchmark,UniDepth1-vitl14,500,calib_shift_ro,70.76,123.94,69.32
standard_benchmark,UniDepth1-vitl14,500,mdecalib,21.88,123.94,59.22
standard_benchmark,UniDepth1-vitl14,500,mdecalib_ro,19.08,123.94,52.64
standard_benchmark,UniDepth1-vitl14,500,mdecalib_shift,22.1,123.94,59.79
standard_benchmark,UniDepth1-vitl14,500,mdecalib_shift_ro,21.25,123.94,58.44
standard_benchmark,UniDepth1-vitl14,500,sf,74.6,123.94,83.26
standard_benchmark,UniDepth1-vitl14,500,sf_ro,54.19,123.94,78.47
standard_benchmark,UniDepth1-vitl14,500,sf_shift,63.9,123.94,74.37
standard_benchmark,UniDepth1-vitl14,500,sf_shift_ro,49.4,123.94,74.54
standard_benchmark,UniDepth1-vitl14,1000,calib,85.41,123.94,83.9
standard_benchmark,UniDepth1-vitl14,1000,calib_ro,66.94,123.94,65.81
standard_benchmark,UniDepth1-vitl14,1000,calib_shift,86.4,123.94,83.97
standard_benchmark,UniDepth1-vitl14,1000,calib_shift_ro,70.89,123.94,69.34
standard_benchmark,UniDepth1-vitl14,1000,mdecalib,21.84,123.94,60.14
standard_benchmark,UniDepth1-vitl14,1000,mdecalib_ro,19.1,123.94,52.65
standard_benchmark,UniDepth1-vitl14,1000,mdecalib_shift,22.01,123.94,60.59
standard_benchmark,UniDepth1-vitl14,1000,mdecalib_shift_ro,21.3,123.94,58.46
standard_benchmark,UniDepth1-vitl14,1000,sf,74.92,123.94,83.44
standard_benchmark,UniDepth1-vitl14,1000,sf_ro,54.19,123.94,78.5
standard_benchmark,UniDepth1-vitl14,1000,sf_shift,66.37,123.94,76.95
standard_benchmark,UniDepth1-vitl14,1000,sf_shift_ro,50.36,123.94,75.54
standard_benchmark,UniDepth1Calib-cnvnxtl,10,calib,80.33,73.11,80.23
standard_benchmark,UniDepth1Calib-cnvnxtl,10,calib_ro,63.92,73.11,61.1
standard_benchmark,UniDepth1Calib-cnvnxtl,10,calib_shift,77.47,73.11,77.66
standard_benchmark,UniDepth1Calib-cnvnxtl,10,calib_shift_ro,62.55,73.11,63.58
standard_benchmark,UniDepth1Calib-cnvnxtl,100,calib,84.54,73.11,83.32
standard_benchmark,UniDepth1Calib-cnvnxtl,100,calib_ro,65.01,73.11,61.61
standard_benchmark,UniDepth1Calib-cnvnxtl,100,calib_shift,83.15,73.11,82.9
standard_benchmark,UniDepth1Calib-cnvnxtl,100,calib_shift_ro,65.34,73.11,65.74
standard_benchmark,UniDepth1Calib-cnvnxtl,500,calib,85.47,73.11,83.82
standard_benchmark,UniDepth1Calib-cnvnxtl,500,calib_ro,65.24,73.11,61.65
standard_benchmark,UniDepth1Calib-cnvnxtl,500,calib_shift,85.04,73.11,83.7
standard_benchmark,UniDepth1Calib-cnvnxtl,500,calib_shift_ro,65.84,73.11,65.95
standard_benchmark,UniDepth1Calib-cnvnxtl,1000,calib,85.8,73.11,83.95
standard_benchmark,UniDepth1Calib-cnvnxtl,1000,calib_ro,65.34,73.11,61.66
standard_benchmark,UniDepth1Calib-cnvnxtl,1000,calib_shift,85.6,73.11,83.9
standard_benchmark,UniDepth1Calib-cnvnxtl,1000,calib_shift_ro,66.05,73.11,65.99
standard_benchmark,UniDepth1Calib-vitl14,10,calib,80.26,122.39,80.62
standard_benchmark,UniDepth1Calib-vitl14,10,calib_ro,66.76,122.39,65.48
standard_benchmark,UniDepth1Calib-vitl14,10,calib_shift,78.99,122.39,79.06
standard_benchmark,UniDepth1Calib-vitl14,10,calib_shift_ro,68.32,122.39,67.58
standard_benchmark,UniDepth1Calib-vitl14,100,calib,84.33,122.39,83.31
standard_benchmark,UniDepth1Calib-vitl14,100,calib_ro,67.39,122.39,65.95
standard_benchmark,UniDepth1Calib-vitl14,100,calib_shift,84.53,122.39,83.18
standard_benchmark,UniDepth1Calib-vitl14,100,calib_shift_ro,70.59,122.39,69.27
standard_benchmark,UniDepth1Calib-vitl14,500,calib,85.35,122.39,83.8
standard_benchmark,UniDepth1Calib-vitl14,500,calib_ro,67.48,122.39,65.97
standard_benchmark,UniDepth1Calib-vitl14,500,calib_shift,86.14,122.39,83.83
standard_benchmark,UniDepth1Calib-vitl14,500,calib_shift_ro,70.96,122.39,69.44
standard_benchmark,UniDepth1Calib-vitl14,1000,calib,85.63,122.39,83.92
standard_benchmark,UniDepth1Calib-vitl14,1000,calib_ro,67.54,122.39,65.98
standard_benchmark,UniDepth1Calib-vitl14,1000,calib_shift,86.54,122.39,83.96
standard_benchmark,UniDepth1Calib-vitl14,1000,calib_shift_ro,71.05,122.39,69.46
standard_benchmark,UniDepth2-vitb14,10,calib,81.5,32.6,81.66
standard_benchmark,UniDepth2-vitb14,10,calib_ro,73.61,32.6,72.68
standard_benchmark,UniDepth2-vitb14,10,calib_shift,80.42,32.6,80.49
standard_benchmark,UniDepth2-vitb14,10,calib_shift_ro,75.29,32.6,75.21
standard_benchmark,UniDepth2-vitb14,10,mdecalib,44.78,32.6,66.23
standard_benchmark,UniDepth2-vitb14,10,mdecalib_ro,42.32,32.6,65.21
standard_benchmark,UniDepth2-vitb14,10,mdecalib_shift,45.05,32.6,66.34
standard_benchmark,UniDepth2-vitb14,10,mdecalib_shift_ro,44.64,32.6,70.23
standard_benchmark,UniDepth2-vitb14,10,sf,70.89,32.6,79.18
standard_benchmark,UniDepth2-vitb14,10,sf_ro,63.85,32.6,82.62
standard_benchmark,UniDepth2-vitb14,10,sf_shift,37.1,32.6,38.97
standard_benchmark,UniDepth2-vitb14,10,sf_shift_ro,42.64,32.6,57.7
standard_benchmark,UniDepth2-vitb14,100,calib,84.84,32.6,83.6
standard_benchmark,UniDepth2-vitb14,100,calib_ro,74.02,32.6,72.98
standard_benchmark,UniDepth2-vitb14,100,calib_shift,85.13,32.6,83.51
standard_benchmark,UniDepth2-vitb14,100,calib_shift_ro,76.78,32.6,76.55
standard_benchmark,UniDepth2-vitb14,100,mdecalib,46.55,32.6,69.66
standard_benchmark,UniDepth2-vitb14,100,mdecalib_ro,42.61,32.6,65.77
standard_benchmark,UniDepth2-vitb14,100,mdecalib_shift,47.01,32.6,70.54
standard_benchmark,UniDepth2-vitb14,100,mdecalib_shift_ro,45.55,32.6,71.73
standard_benchmark,UniDepth2-vitb14,100,sf,75.36,32.6,82.96
standard_benchmark,UniDepth2-vitb14,100,sf_ro,64.69,32.6,83.58
standard_benchmark,UniDepth2-vitb14,100,sf_shift,58.64,32.6,64.98
standard_benchmark,UniDepth2-vitb14,100,sf_shift_ro,54.49,32.6,74.19
standard_benchmark,UniDepth2-vitb14,500,calib,85.57,32.6,83.94
standard_benchmark,UniDepth2-vitb14,500,calib_ro,74.09,32.6,72.99
standard_benchmark,UniDepth2-vitb14,500,calib_shift,86.71,32.6,84.01
standard_benchmark,UniDepth2-vitb14,500,calib_shift_ro,77.08,32.6,76.65
standard_benchmark,UniDepth2-vitb14,500,mdecalib,46.86,32.6,70.77
standard_benchmark,UniDepth2-vitb14,500,mdecalib_ro,42.7,32.6,65.8
standard_benchmark,UniDepth2-vitb14,500,mdecalib_shift,47.35,32.6,71.5
standard_benchmark,UniDepth2-vitb14,500,mdecalib_shift_ro,45.72,32.6,71.86
standard_benchmark,UniDepth2-vitb14,500,sf,76.85,32.6,83.62
standard_benchmark,UniDepth2-vitb14,500,sf_ro,64.76,32.6,83.68
standard_benchmark,UniDepth2-vitb14,500,sf_shift,66.6,32.6,74.62
standard_benchmark,UniDepth2-vitb14,500,sf_shift_ro,58.5,32.6,78.53
standard_benchmark,UniDepth2-vitb14,1000,calib,85.76,32.6,84.02
standard_benchmark,UniDepth2-vitb14,1000,calib_ro,74.11,32.6,72.99
standard_benchmark,UniDepth2-vitb14,1000,calib_shift,87.11,32.6,84.12
standard_benchmark,UniDepth2-vitb14,1000,calib_shift_ro,77.1,32.6,76.66
standard_benchmark,UniDepth2-vitb14,1000,mdecalib,46.95,32.6,71.12
standard_benchmark,UniDepth2-vitb14,1000,mdecalib_ro,42.72,32.6,65.8
standard_benchmark,UniDepth2-vitb14,1000,mdecalib_shift,47.49,32.6,71.74
standard_benchmark,UniDepth2-vitb14,1000,mdecalib_shift_ro,45.74,32.6,71.88
standard_benchmark,UniDepth2-vitb14,1000,sf,77.25,32.6,83.76
standard_benchmark,UniDepth2-vitb14,1000,sf_ro,64.72,32.6,83.7
standard_benchmark,UniDepth2-vitb14,1000,sf_shift,69.02,32.6,77.31
standard_benchmark,UniDepth2-vitb14,1000,sf_shift_ro,59.59,32.6,79.74
standard_benchmark,UniDepth2-vitl14,10,calib,82.44,41.47,81.9
standard_benchmark,UniDepth2-vitl14,10,calib_ro,75.74,41.47,75.76
standard_benchmark,UniDepth2-vitl14,10,calib_shift,81.25,41.47,80.99
standard_benchmark,UniDepth2-vitl14,10,calib_shift_ro,78.65,41.47,78.84
standard_benchmark,UniDepth2-vitl14,10,mdecalib,52.06,41.47,69.56
standard_benchmark,UniDepth2-vitl14,10,mdecalib_ro,49.86,41.47,69.51
standard_benchmark,UniDepth2-vitl14,10,mdecalib_shift,51.78,41.47,69.94
standard_benchmark,UniDepth2-vitl14,10,mdecalib_shift_ro,52.14,41.47,74.8
standard_benchmark,UniDepth2-vitl14,10,sf,71.64,41.47,79.88
standard_benchmark,UniDepth2-vitl14,10,sf_ro,67.06,41.47,84.83
standard_benchmark,UniDepth2-vitl14,10,sf_shift,37.55,41.47,39.4
standard_benchmark,UniDepth2-vitl14,10,sf_shift_ro,45.66,41.47,59.13
standard_benchmark,UniDepth2-vitl14,100,calib,85.71,41.47,83.66
standard_benchmark,UniDepth2-vitl14,100,calib_ro,76.13,41.47,76.03
standard_benchmark,UniDepth2-vitl14,100,calib_shift,85.94,41.47,83.64
standard_benchmark,UniDepth2-vitl14,100,calib_shift_ro,79.8,41.47,79.89
standard_benchmark,UniDepth2-vitl14,100,mdecalib,54.04,41.47,72.42
standard_benchmark,UniDepth2-vitl14,100,mdecalib_ro,50.09,41.47,69.95
standard_benchmark,UniDepth2-vitl14,100,mdecalib_shift,53.86,41.47,73.2
standard_benchmark,UniDepth2-vitl14,100,mdecalib_shift_ro,52.78,41.47,75.97
standard_benchmark,UniDepth2-vitl14,100,sf,76.04,41.47,83.0
standard_benchmark,UniDepth2-vitl14,100,sf_ro,67.7,41.47,85.53
standard_benchmark,UniDepth2-vitl14,100,sf_shift,59.14,41.47,65.21
standard_benchmark,UniDepth2-vitl14,100,sf_shift_ro,58.54,41.47,75.98
standard_benchmark,UniDepth2-vitl14,500,calib,86.35,41.47,83.96
standard_benchmark,UniDepth2-vitl14,500,calib_ro,76.21,41.47,76.03
standard_benchmark,UniDepth2-vitl14,500,calib_shift,87.38,41.47,84.05
standard_benchmark,UniDepth2-vitl14,500,calib_shift_ro,79.98,41.47,79.96
standard_benchmark,UniDepth2-vitl14,500,mdecalib,54.44,41.47,73.38
standard_benchmark,UniDepth2-vitl14,500,mdecalib_ro,50.11,41.47,69.97
standard_benchmark,UniDepth2-vitl14,500,mdecalib_shift,54.33,41.47,74.01
standard_benchmark,UniDepth2-vitl14,500,mdecalib_shift_ro,52.89,41.47,76.08
standard_benchmark,UniDepth2-vitl14,500,sf,77.48,41.47,83.62
standard_benchmark,UniDepth2-vitl14,500,sf_ro,67.76,41.47,85.62
standard_benchmark,UniDepth2-vitl14,500,sf_shift,67.72,41.47,74.82
standard_benchmark,UniDepth2-vitl14,500,sf_shift_ro,62.84,41.47,80.63
standard_benchmark,UniDepth2-vitl14,1000,calib,86.56,41.47,84.03
standard_benchmark,UniDepth2-vitl14,1000,calib_ro,76.26,41.47,76.03
standard_benchmark,UniDepth2-vitl14,1000,calib_shift,87.68,41.47,84.13
standard_benchmark,UniDepth2-vitl14,1000,calib_shift_ro,79.99,41.47,79.98
standard_benchmark,UniDepth2-vitl14,1000,mdecalib,54.6,41.47,73.67
standard_benchmark,UniDepth2-vitl14,1000,mdecalib_ro,50.13,41.47,69.97
standard_benchmark,UniDepth2-vitl14,1000,mdecalib_shift,54.44,41.47,74.21
standard_benchmark,UniDepth2-vitl14,1000,mdecalib_shift_ro,52.91,41.47,76.1
standard_benchmark,UniDepth2-vitl14,1000,sf,77.86,41.47,83.76
standard_benchmark,UniDepth2-vitl14,1000,sf_ro,67.74,41.47,85.63
standard_benchmark,UniDepth2-vitl14,1000,sf_shift,69.85,41.47,77.29
standard_benchmark,UniDepth2-vitl14,1000,sf_shift_ro,63.96,41.47,81.89
standard_benchmark,UniDepth2-vits14,10,calib,79.54,21.63,81.06
standard_benchmark,UniDepth2-vits14,10,calib_ro,67.07,21.63,66.87
standard_benchmark,UniDepth2-vits14,10,calib_shift,79.35,21.63,79.39
standard_benchmark,UniDepth2-vits14,10,calib_shift_ro,69.16,21.63,69.54
standard_benchmark,UniDepth2-vits14,10,mdecalib,36.58,21.63,59.88
standard_benchmark,UniDepth2-vits14,10,mdecalib_ro,32.42,21.63,56.87
standard_benchmark,UniDepth2-vits14,10,mdecalib_shift,36.68,21.63,60.0
standard_benchmark,UniDepth2-vits14,10,mdecalib_shift_ro,33.84,21.63,62.85
standard_benchmark,UniDepth2-vits14,10,sf,67.73,21.63,77.58
standard_benchmark,UniDepth2-vits14,10,sf_ro,55.66,21.63,78.03
standard_benchmark,UniDepth2-vits14,10,sf_shift,35.52,21.63,38.03
standard_benchmark,UniDepth2-vits14,10,sf_shift_ro,36.77,21.63,55.37
standard_benchmark,UniDepth2-vits14,100,calib,83.39,21.63,83.52
standard_benchmark,UniDepth2-vits14,100,calib_ro,67.72,21.63,67.32
standard_benchmark,UniDepth2-vits14,100,calib_shift,84.7,21.63,83.31
standard_benchmark,UniDepth2-vits14,100,calib_shift_ro,71.38,21.63,71.4
standard_benchmark,UniDepth2-vits14,100,mdecalib,38.12,21.63,64.59
standard_benchmark,UniDepth2-vits14,100,mdecalib_ro,32.75,21.63,57.61
standard_benchmark,UniDepth2-vits14,100,mdecalib_shift,38.75,21.63,65.41
standard_benchmark,UniDepth2-vits14,100,mdecalib_shift_ro,34.87,21.63,65.06
standard_benchmark,UniDepth2-vits14,100,sf,72.57,21.63,82.52
standard_benchmark,UniDepth2-vits14,100,sf_ro,56.69,21.63,79.41
standard_benchmark,UniDepth2-vits14,100,sf_shift,57.1,21.63,64.41
standard_benchmark,UniDepth2-vits14,100,sf_shift_ro,47.58,21.63,71.23
standard_benchmark,UniDepth2-vits14,500,calib,84.27,21.63,83.91
standard_benchmark,UniDepth2-vits14,500,calib_ro,67.88,21.63,67.32
standard_benchmark,UniDepth2-vits14,500,calib_shift,86.32,21.63,83.93
standard_benchmark,UniDepth2-vits14,500,calib_shift_ro,71.88,21.63,71.59
standard_benchmark,UniDepth2-vits14,500,mdecalib,38.46,21.63,66.1
standard_benchmark,UniDepth2-vits14,500,mdecalib_ro,32.88,21.63,57.66
standard_benchmark,UniDepth2-vits14,500,mdecalib_shift,39.11,21.63,66.78
standard_benchmark,UniDepth2-vits14,500,mdecalib_shift_ro,35.03,21.63,65.31
standard_benchmark,UniDepth2-vits14,500,sf,74.07,21.63,83.45
standard_benchmark,UniDepth2-vits14,500,sf_ro,56.79,21.63,79.56
standard_benchmark,UniDepth2-vits14,500,sf_shift,64.92,21.63,74.34
standard_benchmark,UniDepth2-vits14,500,sf_shift_ro,51.33,21.63,75.26
standard_benchmark,UniDepth2-vits14,1000,calib,84.52,21.63,84.01
standard_benchmark,UniDepth2-vits14,1000,calib_ro,67.92,21.63,67.32
standard_benchmark,UniDepth2-vits14,1000,calib_shift,86.72,21.63,84.05
standard_benchmark,UniDepth2-vits14,1000,calib_shift_ro,71.98,21.63,71.61
standard_benchmark,UniDepth2-vits14,1000,mdecalib,38.52,21.63,66.59
standard_benchmark,UniDepth2-vits14,1000,mdecalib_ro,32.91,21.63,57.66
standard_benchmark,UniDepth2-vits14,1000,mdecalib_shift,39.26,21.63,67.15
standard_benchmark,UniDepth2-vits14,1000,mdecalib_shift_ro,35.08,21.63,65.34
standard_benchmark,UniDepth2-vits14,1000,sf,74.53,21.63,83.66
standard_benchmark,UniDepth2-vits14,1000,sf_ro,56.81,21.63,79.6
standard_benchmark,UniDepth2-vits14,1000,sf_shift,67.17,21.63,76.98
standard_benchmark,UniDepth2-vits14,1000,sf_shift_ro,52.44,21.63,76.37
standard_benchmark,UniDepth2Calib-vitb14,10,calib,81.6,32.67,81.76
standard_benchmark,UniDepth2Calib-vitb14,10,calib_ro,74.02,32.67,72.86
standard_benchmark,UniDepth2Calib-vitb14,10,calib_shift,80.47,32.67,80.48
standard_benchmark,UniDepth2Calib-vitb14,10,calib_shift_ro,75.62,32.67,75.29
standard_benchmark,UniDepth2Calib-vitb14,100,calib,84.96,32.67,83.6
standard_benchmark,UniDepth2Calib-vitb14,100,calib_ro,74.46,32.67,73.16
standard_benchmark,UniDepth2Calib-vitb14,100,calib_shift,85.34,32.67,83.53
standard_benchmark,UniDepth2Calib-vitb14,100,calib_shift_ro,77.23,32.67,76.65
standard_benchmark,UniDepth2Calib-vitb14,500,calib,85.65,32.67,83.94
standard_benchmark,UniDepth2Calib-vitb14,500,calib_ro,74.53,32.67,73.16
standard_benchmark,UniDepth2Calib-vitb14,500,calib_shift,86.79,32.67,84.02
standard_benchmark,UniDepth2Calib-vitb14,500,calib_shift_ro,77.42,32.67,76.75
standard_benchmark,UniDepth2Calib-vitb14,1000,calib,85.88,32.67,84.01
standard_benchmark,UniDepth2Calib-vitb14,1000,calib_ro,74.55,32.67,73.15
standard_benchmark,UniDepth2Calib-vitb14,1000,calib_shift,87.22,32.67,84.11
standard_benchmark,UniDepth2Calib-vitb14,1000,calib_shift_ro,77.44,32.67,76.76
standard_benchmark,UniDepth2Calib-vitl14,10,calib,82.56,42.63,81.93
standard_benchmark,UniDepth2Calib-vitl14,10,calib_ro,75.95,42.63,75.77
standard_benchmark,UniDepth2Calib-vitl14,10,calib_shift,81.13,42.63,80.97
standard_benchmark,UniDepth2Calib-vitl14,10,calib_shift_ro,78.5,42.63,78.76
standard_benchmark,UniDepth2Calib-vitl14,100,calib,85.85,42.63,83.69
standard_benchmark,UniDepth2Calib-vitl14,100,calib_ro,76.37,42.63,76.03
standard_benchmark,UniDepth2Calib-vitl14,100,calib_shift,85.88,42.63,83.65
standard_benchmark,UniDepth2Calib-vitl14,100,calib_shift_ro,79.72,42.63,79.81
standard_benchmark,UniDepth2Calib-vitl14,500,calib,86.48,42.63,83.97
standard_benchmark,UniDepth2Calib-vitl14,500,calib_ro,76.46,42.63,76.03
standard_benchmark,UniDepth2Calib-vitl14,500,calib_shift,87.28,42.63,84.06
standard_benchmark,UniDepth2Calib-vitl14,500,calib_shift_ro,79.92,42.63,79.88
standard_benchmark,UniDepth2Calib-vitl14,1000,calib,86.63,42.63,84.04
standard_benchmark,UniDepth2Calib-vitl14,1000,calib_ro,76.47,42.63,76.03
standard_benchmark,UniDepth2Calib-vitl14,1000,calib_shift,87.67,42.63,84.14
standard_benchmark,UniDepth2Calib-vitl14,1000,calib_shift_ro,79.94,42.63,79.89
standard_benchmark,UniDepth2Calib-vits14,10,calib,79.54,21.77,81.1
standard_benchmark,UniDepth2Calib-vits14,10,calib_ro,67.9,21.77,67.07
standard_benchmark,UniDepth2Calib-vits14,10,calib_shift,79.32,21.77,79.42
standard_benchmark,UniDepth2Calib-vits14,10,calib_shift_ro,69.43,21.77,69.54
standard_benchmark,UniDepth2Calib-vits14,100,calib,83.5,21.77,83.55
standard_benchmark,UniDepth2Calib-vits14,100,calib_ro,68.55,21.77,67.53
standard_benchmark,UniDepth2Calib-vits14,100,calib_shift,84.67,21.77,83.34
standard_benchmark,UniDepth2Calib-vits14,100,calib_shift_ro,71.92,21.77,71.45
standard_benchmark,UniDepth2Calib-vits14,500,calib,84.28,21.77,83.92
standard_benchmark,UniDepth2Calib-vits14,500,calib_ro,68.67,21.77,67.55
standard_benchmark,UniDepth2Calib-vits14,500,calib_shift,86.32,21.77,83.92
standard_benchmark,UniDepth2Calib-vits14,500,calib_shift_ro,72.32,21.77,71.6
standard_benchmark,UniDepth2Calib-vits14,1000,calib,84.5,21.77,84.02
standard_benchmark,UniDepth2Calib-vits14,1000,calib_ro,68.71,21.77,67.55
standard_benchmark,UniDepth2Calib-vits14,1000,calib_shift,86.72,21.77,84.05
standard_benchmark,UniDepth2Calib-vits14,1000,calib_shift_ro,72.44,21.77,71.62
standard_benchmark,UniK3D-vitl,10,calib,82.05,46.62,81.89
standard_benchmark,UniK3D-vitl,10,calib_ro,76.16,46.62,76.35
standard_benchmark,UniK3D-vitl,10,calib_shift,81.26,46.62,81.08
standard_benchmark,UniK3D-vitl,10,calib_shift_ro,78.16,46.62,79.03
standard_benchmark,UniK3D-vitl,10,sf,71.94,46.62,79.85
standard_benchmark,UniK3D-vitl,10,sf_ro,67.39,46.62,85.35
standard_benchmark,UniK3D-vitl,10,sf_shift,37.89,46.62,39.41
standard_benchmark,UniK3D-vitl,10,sf_shift_ro,45.82,46.62,59.12
standard_benchmark,UniK3D-vitl,100,calib,85.24,46.62,83.65
standard_benchmark,UniK3D-vitl,100,calib_ro,76.6,46.62,76.61
standard_benchmark,UniK3D-vitl,100,calib_shift,85.8,46.62,83.62
standard_benchmark,UniK3D-vitl,100,calib_shift_ro,79.39,46.62,80.1
standard_benchmark,UniK3D-vitl,100,sf,76.34,46.62,82.98
standard_benchmark,UniK3D-vitl,100,sf_ro,68.1,46.62,86.1
standard_benchmark,UniK3D-vitl,100,sf_shift,59.35,46.62,65.43
standard_benchmark,UniK3D-vitl,100,sf_shift_ro,58.78,46.62,76.09
standard_benchmark,UniK3D-vitl,500,calib,85.99,46.62,83.94
standard_benchmark,UniK3D-vitl,500,calib_ro,76.74,46.62,76.63
standard_benchmark,UniK3D-vitl,500,calib_shift,87.2,46.62,84.06
standard_benchmark,UniK3D-vitl,500,calib_shift_ro,79.52,46.62,80.17
standard_benchmark,UniK3D-vitl,500,sf,77.56,46.62,83.6
standard_benchmark,UniK3D-vitl,500,sf_ro,68.15,46.62,86.18
standard_benchmark,UniK3D-vitl,500,sf_shift,67.52,46.62,74.78
standard_benchmark,UniK3D-vitl,500,sf_shift_ro,62.79,46.62,80.63
standard_benchmark,UniK3D-vitl,1000,calib,86.1,46.62,84.01
standard_benchmark,UniK3D-vitl,1000,calib_ro,76.74,46.62,76.62
standard_benchmark,UniK3D-vitl,1000,calib_shift,87.6,46.62,84.13
standard_benchmark,UniK3D-vitl,1000,calib_shift_ro,79.55,46.62,80.19
standard_benchmark,UniK3D-vitl,1000,sf,77.96,46.62,83.74
standard_benchmark,UniK3D-vitl,1000,sf_ro,68.16,46.62,86.2
standard_benchmark,UniK3D-vitl,1000,sf_shift,69.61,46.62,77.32
standard_benchmark,UniK3D-vitl,1000,sf_shift_ro,63.93,46.62,81.89
standard_benchmark,UniK3DCalib-vitl,10,calib,81.97,50.18,81.93
standard_benchmark,UniK3DCalib-vitl,10,calib_ro,76.13,50.18,76.37
standard_benchmark,UniK3DCalib-vitl,10,calib_shift,81.09,50.18,81.03
standard_benchmark,UniK3DCalib-vitl,10,calib_shift_ro,78.19,50.18,78.99
standard_benchmark,UniK3DCalib-vitl,100,calib,85.18,50.18,83.66
standard_benchmark,UniK3DCalib-vitl,100,calib_ro,76.48,50.18,76.63
standard_benchmark,UniK3DCalib-vitl,100,calib_shift,85.8,50.18,83.62
standard_benchmark,UniK3DCalib-vitl,100,calib_shift_ro,79.4,50.18,80.06
standard_benchmark,UniK3DCalib-vitl,500,calib,85.94,50.18,83.94
standard_benchmark,UniK3DCalib-vitl,500,calib_ro,76.61,50.18,76.64
standard_benchmark,UniK3DCalib-vitl,500,calib_shift,87.2,50.18,84.05
standard_benchmark,UniK3DCalib-vitl,500,calib_shift_ro,79.48,50.18,80.13
standard_benchmark,UniK3DCalib-vitl,1000,calib,86.08,50.18,84.02
standard_benchmark,UniK3DCalib-vitl,1000,calib_ro,76.63,50.18,76.65
standard_benchmark,UniK3DCalib-vitl,1000,calib_shift,87.57,50.18,84.13
standard_benchmark,UniK3DCalib-vitl,1000,calib_shift_ro,79.54,50.18,80.14
standard_benchmark,VGGT-VGGT-1B,10,calib,78.81,95.98,80.81
standard_benchmark,VGGT-VGGT-1B,10,calib_ro,69.26,95.98,71.4
standard_benchmark,VGGT-VGGT-1B,10,calib_shift,79.18,95.98,79.96
standard_benchmark,VGGT-VGGT-1B,10,calib_shift_ro,73.04,95.98,73.74
standard_benchmark,VGGT-VGGT-1B,10,mdecalib,49.24,95.98,69.06
standard_benchmark,VGGT-VGGT-1B,10,mdecalib_ro,45.02,95.98,67.83
standard_benchmark,VGGT-VGGT-1B,10,mdecalib_shift,49.94,95.98,69.29
standard_benchmark,VGGT-VGGT-1B,10,mdecalib_shift_ro,49.6,95.98,71.27
standard_benchmark,VGGT-VGGT-1B,10,sf,68.92,95.98,78.47
standard_benchmark,VGGT-VGGT-1B,10,sf_ro,60.66,95.98,81.43
standard_benchmark,VGGT-VGGT-1B,10,sf_shift,36.38,95.98,39.39
standard_benchmark,VGGT-VGGT-1B,10,sf_shift_ro,42.24,95.98,57.91
standard_benchmark,VGGT-VGGT-1B,100,calib,82.58,95.98,83.14
standard_benchmark,VGGT-VGGT-1B,100,calib_ro,69.73,95.98,71.76
standard_benchmark,VGGT-VGGT-1B,100,calib_shift,84.14,95.98,83.24
standard_benchmark,VGGT-VGGT-1B,100,calib_shift_ro,74.41,95.98,75.06
standard_benchmark,VGGT-VGGT-1B,100,mdecalib,51.76,95.98,72.24
standard_benchmark,VGGT-VGGT-1B,100,mdecalib_ro,45.36,95.98,68.28
standard_benchmark,VGGT-VGGT-1B,100,mdecalib_shift,53.3,95.98,73.13
standard_benchmark,VGGT-VGGT-1B,100,mdecalib_shift_ro,50.8,95.98,72.71
standard_benchmark,VGGT-VGGT-1B,100,sf,72.88,95.98,82.25
standard_benchmark,VGGT-VGGT-1B,100,sf_ro,61.63,95.98,82.5
standard_benchmark,VGGT-VGGT-1B,100,sf_shift,56.59,95.98,65.38
standard_benchmark,VGGT-VGGT-1B,100,sf_shift_ro,54.57,95.98,74.52
standard_benchmark,VGGT-VGGT-1B,500,calib,83.87,95.98,83.66
standard_benchmark,VGGT-VGGT-1B,500,calib_ro,69.84,95.98,71.78
standard_benchmark,VGGT-VGGT-1B,500,calib_shift,85.86,95.98,83.86
standard_benchmark,VGGT-VGGT-1B,500,calib_shift_ro,74.59,95.98,75.18
standard_benchmark,VGGT-VGGT-1B,500,mdecalib,52.61,95.98,73.33
standard_benchmark,VGGT-VGGT-1B,500,mdecalib_ro,45.43,95.98,68.31
standard_benchmark,VGGT-VGGT-1B,500,mdecalib_shift,54.2,95.98,74.01
standard_benchmark,VGGT-VGGT-1B,500,mdecalib_shift_ro,50.98,95.98,72.84
standard_benchmark,VGGT-VGGT-1B,500,sf,74.2,95.98,83.03
standard_benchmark,VGGT-VGGT-1B,500,sf_ro,61.85,95.98,82.64
standard_benchmark,VGGT-VGGT-1B,500,sf_shift,64.11,95.98,74.88
standard_benchmark,VGGT-VGGT-1B,500,sf_shift_ro,58.36,95.98,78.47
standard_benchmark,VGGT-VGGT-1B,1000,calib,84.33,95.98,83.8
standard_benchmark,VGGT-VGGT-1B,1000,calib_ro,69.86,95.98,71.78
standard_benchmark,VGGT-VGGT-1B,1000,calib_shift,86.35,95.98,83.99
standard_benchmark,VGGT-VGGT-1B,1000,calib_shift_ro,74.64,95.98,75.19
standard_benchmark,VGGT-VGGT-1B,1000,mdecalib,52.9,95.98,73.66
standard_benchmark,VGGT-VGGT-1B,1000,mdecalib_ro,45.45,95.98,68.32
standard_benchmark,VGGT-VGGT-1B,1000,mdecalib_shift,54.5,95.98,74.24
standard_benchmark,VGGT-VGGT-1B,1000,mdecalib_shift_ro,51.01,95.98,72.85
standard_benchmark,VGGT-VGGT-1B,1000,sf,74.68,95.98,83.24
standard_benchmark,VGGT-VGGT-1B,1000,sf_ro,61.87,95.98,82.67
standard_benchmark,VGGT-VGGT-1B,1000,sf_shift,66.16,95.98,77.48
standard_benchmark,VGGT-VGGT-1B,1000,sf_shift_ro,59.47,95.98,79.55
standard_benchmark,gt,10,calib,92.1,0.0,86.02
standard_benchmark,gt,10,calib_ro,95.7,0.0,99.68
standard_benchmark,gt,10,calib_shift,91.38,0.0,86.21
standard_benchmark,gt,10,calib_shift_ro,95.13,0.0,99.68
standard_benchmark,gt,10,sf,89.15,0.0,85.75
standard_benchmark,gt,10,sf_ro,95.03,0.0,99.66
standard_benchmark,gt,10,sf_shift,46.36,0.0,45.4
standard_benchmark,gt,10,sf_shift_ro,67.81,0.0,68.63
standard_benchmark,gt,100,calib,92.66,0.0,86.22
standard_benchmark,gt,100,calib_ro,95.71,0.0,99.68
standard_benchmark,gt,100,calib_shift,92.03,0.0,86.39
standard_benchmark,gt,100,calib_shift_ro,95.15,0.0,99.68
standard_benchmark,gt,100,sf,89.81,0.0,85.97
standard_benchmark,gt,100,sf_ro,95.04,0.0,99.67
standard_benchmark,gt,100,sf_shift,70.31,0.0,71.56
standard_benchmark,gt,100,sf_shift_ro,84.24,0.0,87.56
standard_benchmark,gt,500,calib,92.63,0.0,86.28
standard_benchmark,gt,500,calib_ro,95.71,0.0,99.68
standard_benchmark,gt,500,calib_shift,91.98,0.0,86.42
standard_benchmark,gt,500,calib_shift_ro,95.12,0.0,99.68
standard_benchmark,gt,500,sf,89.7,0.0,86.04
standard_benchmark,gt,500,sf_ro,95.04,0.0,99.67
standard_benchmark,gt,500,sf_shift,78.21,0.0,80.47
standard_benchmark,gt,500,sf_shift_ro,89.15,0.0,93.01
standard_benchmark,gt,1000,calib,92.6,0.0,86.3
standard_benchmark,gt,1000,calib_ro,95.71,0.0,99.68
standard_benchmark,gt,1000,calib_shift,91.9,0.0,86.44
standard_benchmark,gt,1000,calib_shift_ro,95.12,0.0,99.68
standard_benchmark,gt,1000,sf,89.62,0.0,86.07
standard_benchmark,gt,1000,sf_ro,95.04,0.0,99.67
standard_benchmark,gt,1000,sf_shift,79.89,0.0,82.48
standard_benchmark,gt,1000,sf_shift_ro,90.43,0.0,94.57
standard_benchmark,none,10,baseline_calib,83.26,0.0,82.51
standard_benchmark,none,10,baseline_sf,75.66,0.0,81.52
standard_benchmark,none,100,baseline_calib,87.06,0.0,83.96
standard_benchmark,none,100,baseline_sf,79.34,0.0,83.77
standard_benchmark,none,500,baseline_calib,87.92,0.0,84.22
standard_benchmark,none,500,baseline_sf,80.65,0.0,84.24
standard_benchmark,none,1000,baseline_calib,88.2,0.0,84.26
standard_benchmark,none,1000,baseline_sf,80.86,0.0,84.34
